id,category,title,description
1,Electronics,Essential Wireless Noise-Cancelling Headphones,"The Essential Wireless Noise-Cancelling Headphones is a over-ear headphones designed for travel, commuting, focused work. It features Bluetooth 5.3, active noise cancellation, transparency mode, 40-hour battery, USB-C fast charging. This essential version emphasizes balanced everyday performance and reliable construction, making it suitable for shoppers who want a practical product that is easy to use, maintain, and integrate into everyday routines. Available variants — Colors: Black, Navy, Silver; Connectivity: Bluetooth 5.3 or 3.5 mm wired; Bundle: Standard or Travel Case. Price: $60.99 USD for the listed configuration; variant pricing may differ by size, capacity, bundle, or finish."
2,Electronics,Premium Wireless Noise-Cancelling Headphones,"The Premium Wireless Noise-Cancelling Headphones is a over-ear headphones designed for travel, commuting, focused work. It features Bluetooth 5.3, active noise cancellation, transparency mode, 40-hour battery, USB-C fast charging. This premium version emphasizes upgraded materials and added convenience for frequent use, making it suitable for shoppers who want a practical product that is easy to use, maintain, and integrate into everyday routines. Available variants — Colors: Midnight Black, Arctic Silver, Deep Navy; Connectivity: Bluetooth 5.3 or 3.5 mm wired; Bundle: Standard or Travel Case. Price: $83.99 USD for the listed configuration; variant pricing may differ by size, capacity, bundle, or finish."
3,Electronics,Essential Portable Bluetooth Speaker,"The Essential Portable Bluetooth Speaker is a compact speaker designed for beach trips, picnics, home listening. It features IP67 water resistance, 20-hour battery, punchy stereo sound, USB-C charging. This essential version emphasizes balanced everyday performance and reliable construction, making it suitable for shoppers who want a practical product that is easy to use, maintain, and integrate into everyday routines. Available variants — Colors: Black, Blue, Red; Sizes: Compact or Large; Bundle: Speaker only or Speaker + carry case. Price: $40.99 USD for the listed configuration; variant pricing may differ by size, capacity, bundle, or finish."
4,Electronics,Premium Portable Bluetooth Speaker,"The Premium Portable Bluetooth Speaker is a compact speaker designed for beach trips, picnics, home listening. It features IP67 water resistance, 20-hour battery, punchy stereo sound, USB-C charging. This premium version emphasizes upgraded materials and added convenience for frequent use, making it suitable for shoppers who want a practical product that is easy to use, maintain, and integrate into everyday routines. Available variants — Colors: Black, Blue, Red; Sizes: Compact or Large; Bundle: Speaker only or Speaker + carry case. Price: $60.99 USD for the listed configuration; variant pricing may differ by size, capacity, bundle, or finish."
5,Electronics,Essential Mechanical Gaming Keyboard,"The Essential Mechanical Gaming Keyboard is a mechanical keyboard designed for gaming, coding, desktop setups. It features hot-swappable switches, RGB backlighting, anti-ghosting, detachable USB-C cable. This essential version emphasizes balanced everyday performance and reliable construction, making it suitable for shoppers who want a practical product that is easy to use, maintain, and integrate into everyday routines. Available variants — Switches: Red Linear, Brown Tactile, Blue Clicky; Layout: US 87-key or 104-key; Colors: Black or White. Price: $53.99 USD for the listed configuration; variant pricing may differ by size, capacity, bundle, or finish."
6,Electronics,Premium Mechanical Gaming Keyboard,"The Premium Mechanical Gaming Keyboard is a mechanical keyboard designed for gaming, coding, desktop setups. It features hot-swappable switches, RGB backlighting, anti-ghosting, detachable USB-C cable. This premium version emphasizes upgraded materials and added convenience for frequent use, making it suitable for shoppers who want a practical product that is easy to use, maintain, and integrate into everyday routines. Available variants — Switches: Red Linear, Brown Tactile, Blue Clicky; Layout: US 87-key or 104-key; Colors: Black or White. Price: $80.74 USD for the listed configuration; variant pricing may differ by size, capacity, bundle, or finish."
7,Electronics,Essential Ergonomic Wireless Mouse,"The Essential Ergonomic Wireless Mouse is a wireless mouse designed for office work, laptops, productivity. It features silent clicks, adjustable DPI, multi-device pairing, rechargeable battery. This essential version emphasizes balanced everyday performance and reliable construction, making it suitable for shoppers who want a practical product that is easy to use, maintain, and integrate into everyday routines. Available variants — Colors: Black, Graphite, White; Connectivity: Bluetooth or 2.4 GHz USB; Hand size: Medium or Large. Price: $31.99 USD for the listed configuration; variant pricing may differ by size, capacity, bundle, or finish."
8,Electronics,Premium Ergonomic Wireless Mouse,"The Premium Ergonomic Wireless Mouse is a wireless mouse designed for office work, laptops, productivity. It features silent clicks, adjustable DPI, multi-device pairing, rechargeable battery. This premium version emphasizes upgraded materials and added convenience for frequent use, making it suitable for shoppers who want a practical product that is easy to use, maintain, and integrate into everyday routines. Available variants — Colors: Black, Graphite, White; Connectivity: Bluetooth or 2.4 GHz USB; Hand size: Medium or Large. Price: $45.49 USD for the listed configuration; variant pricing may differ by size, capacity, bundle, or finish."
9,Electronics,Essential 27-Inch QHD Monitor,"The Essential 27-Inch QHD Monitor is a desktop monitor designed for work, content creation, casual gaming. It features 2560x1440 resolution, 100 Hz refresh rate, IPS panel, height-adjustable stand. This essential version emphasizes balanced everyday performance and reliable construction, making it suitable for shoppers who want a practical product that is easy to use, maintain, and integrate into everyday routines. Available variants — Colors: Black, Navy, Silver; Configuration: Standard or Value; Pack: Single. Price: $28.99 USD for the listed configuration; variant pricing may differ by size, capacity, bundle, or finish."
10,Electronics,Premium 27-Inch QHD Monitor,"The Premium 27-Inch QHD Monitor is a desktop monitor designed for work, content creation, casual gaming. It features 2560x1440 resolution, 100 Hz refresh rate, IPS panel, height-adjustable stand. This premium version emphasizes upgraded materials and added convenience for frequent use, making it suitable for shoppers who want a practical product that is easy to use, maintain, and integrate into everyday routines. Available variants — Colors: Midnight Black, Arctic Silver, Deep Navy; Configuration: Standard or Deluxe; Pack: Single. Price: $45.49 USD for the listed configuration; variant pricing may differ by size, capacity, bundle, or finish."
11,Electronics,Essential USB-C Docking Station,"The Essential USB-C Docking Station is a multiport dock designed for laptops, hybrid work, multi-monitor desks. It features HDMI, Ethernet, USB-A, USB-C power delivery, SD card reader. This essential version emphasizes balanced everyday performance and reliable construction, making it suitable for shoppers who want a practical product that is easy to use, maintain, and integrate into everyday routines. Available variants — Colors: Black, Navy, Silver; Configuration: Standard or Value; Pack: Single. Price: $30.99 USD for the listed configuration; variant pricing may differ by size, capacity, bundle, or finish."
12,Electronics,Premium USB-C Docking Station,"The Premium USB-C Docking Station is a multiport dock designed for laptops, hybrid work, multi-monitor desks. It features HDMI, Ethernet, USB-A, USB-C power delivery, SD card reader. This premium version emphasizes upgraded materials and added convenience for frequent use, making it suitable for shoppers who want a practical product that is easy to use, maintain, and integrate into everyday routines. Available variants — Colors: Midnight Black, Arctic Silver, Deep Navy; Configuration: Standard or Deluxe; Pack: Single. Price: $42.49 USD for the listed configuration; variant pricing may differ by size, capacity, bundle, or finish."
13,Electronics,Essential Smart Wi-Fi Plug 4-Pack,"The Essential Smart Wi-Fi Plug 4-Pack is a smart plugs designed for home automation, lamps, appliances. It features voice assistant support, scheduling, energy monitoring, remote control. This essential version emphasizes balanced everyday performance and reliable construction, making it suitable for shoppers who want a practical product that is easy to use, maintain, and integrate into everyday routines. Available variants — Colors: Black, Navy, Silver; Configuration: Standard or Value; Pack: Single. Price: $29.99 USD for the listed configuration; variant pricing may differ by size, capacity, bundle, or finish."
14,Electronics,Premium Smart Wi-Fi Plug 4-Pack,"The Premium Smart Wi-Fi Plug 4-Pack is a smart plugs designed for home automation, lamps, appliances. It features voice assistant support, scheduling, energy monitoring, remote control. This premium version emphasizes upgraded materials and added convenience for frequent use, making it suitable for shoppers who want a practical product that is easy to use, maintain, and integrate into everyday routines. Available variants — Colors: Midnight Black, Arctic Silver, Deep Navy; Configuration: Standard or Deluxe; Pack: Single. Price: $41.49 USD for the listed configuration; variant pricing may differ by size, capacity, bundle, or finish."
15,Electronics,Essential 1080p Webcam with Privacy Shutter,"The Essential 1080p Webcam with Privacy Shutter is a webcam designed for video calls, streaming, remote work. It features full HD video, autofocus, dual microphones, privacy cover. This essential version emphasizes balanced everyday performance and reliable construction, making it suitable for shoppers who want a practical product that is easy to use, maintain, and integrate into everyday routines. Available variants — Resolution: 1080p or 4K; Colors: Black or Graphite; Mount: Monitor clip or Tripod-ready. Price: $46.99 USD for the listed configuration; variant pricing may differ by size, capacity, bundle, or finish."
16,Electronics,Premium 1080p Webcam with Privacy Shutter,"The Premium 1080p Webcam with Privacy Shutter is a webcam designed for video calls, streaming, remote work. It features full HD video, autofocus, dual microphones, privacy cover. This premium version emphasizes upgraded materials and added convenience for frequent use, making it suitable for shoppers who want a practical product that is easy to use, maintain, and integrate into everyday routines. Available variants — Resolution: 1080p or 4K; Colors: Black or Graphite; Mount: Monitor clip or Tripod-ready. Price: $73.49 USD for the listed configuration; variant pricing may differ by size, capacity, bundle, or finish."
17,Electronics,Essential Magnetic Wireless Power Bank,"The Essential Magnetic Wireless Power Bank is a portable charger designed for phones, travel, daily carry. It features 10000 mAh capacity, magnetic alignment, USB-C input/output, LED battery indicator. This essential version emphasizes balanced everyday performance and reliable construction, making it suitable for shoppers who want a practical product that is easy to use, maintain, and integrate into everyday routines. Available variants — Capacity: 10,000 mAh or 20,000 mAh; Colors: Black, Silver; Ports: USB-C + USB-A. Price: $37.99 USD for the listed configuration; variant pricing may differ by size, capacity, bundle, or finish."
18,Electronics,Premium Magnetic Wireless Power Bank,"The Premium Magnetic Wireless Power Bank is a portable charger designed for phones, travel, daily carry. It features 10000 mAh capacity, magnetic alignment, USB-C input/output, LED battery indicator. This premium version emphasizes upgraded materials and added convenience for frequent use, making it suitable for shoppers who want a practical product that is easy to use, maintain, and integrate into everyday routines. Available variants — Capacity: 10,000 mAh or 20,000 mAh; Colors: Black, Silver; Ports: USB-C + USB-A. Price: $51.74 USD for the listed configuration; variant pricing may differ by size, capacity, bundle, or finish."
19,Electronics,Essential Mini Projector,"The Essential Mini Projector is a portable projector designed for movie nights, bedrooms, small presentations. It features 1080p input support, built-in speaker, HDMI and USB, compact body. This essential version emphasizes balanced everyday performance and reliable construction, making it suitable for shoppers who want a practical product that is easy to use, maintain, and integrate into everyday routines. Available variants — Colors: Black, Navy, Silver; Configuration: Standard or Value; Pack: Single. Price: $26.99 USD for the listed configuration; variant pricing may differ by size, capacity, bundle, or finish."
20,Electronics,Premium Mini Projector,"The Premium Mini Projector is a portable projector designed for movie nights, bedrooms, small presentations. It features 1080p input support, built-in speaker, HDMI and USB, compact body. This premium version emphasizes upgraded materials and added convenience for frequent use, making it suitable for shoppers who want a practical product that is easy to use, maintain, and integrate into everyday routines. Available variants — Colors: Midnight Black, Arctic Silver, Deep Navy; Configuration: Standard or Deluxe; Pack: Single. Price: $40.49 USD for the listed configuration; variant pricing may differ by size, capacity, bundle, or finish."
21,Home & Kitchen,Essential Digital Air Fryer,"The Essential Digital Air Fryer is a air fryer designed for quick dinners, reheating, lower-oil cooking. It features 6-quart basket, eight cooking presets, digital timer, dishwasher-safe tray. This essential version emphasizes balanced everyday performance and reliable construction, making it suitable for shoppers who want a practical product that is easy to use, maintain, and integrate into everyday routines. Available variants — Capacity: 4 qt, 6 qt, 8 qt; Colors: Black or Stainless Steel; Basket: Single or Dual-zone. Price: $72.99 USD for the listed configuration; variant pricing may differ by size, capacity, bundle, or finish."
22,Home & Kitchen,Premium Digital Air Fryer,"The Premium Digital Air Fryer is a air fryer designed for quick dinners, reheating, lower-oil cooking. It features 6-quart basket, eight cooking presets, digital timer, dishwasher-safe tray. This premium version emphasizes upgraded materials and added convenience for frequent use, making it suitable for shoppers who want a practical product that is easy to use, maintain, and integrate into everyday routines. Available variants — Capacity: 4 qt, 6 qt, 8 qt; Colors: Black or Stainless Steel; Basket: Single or Dual-zone. Price: $99.49 USD for the listed configuration; variant pricing may differ by size, capacity, bundle, or finish."
23,Home & Kitchen,Essential Stainless Steel Chef Knife,"The Essential Stainless Steel Chef Knife is a 8-inch chef knife designed for chopping, slicing, meal prep. It features high-carbon stainless blade, ergonomic handle, protective sheath. This essential version emphasizes balanced everyday performance and reliable construction, making it suitable for shoppers who want a practical product that is easy to use, maintain, and integrate into everyday routines. Available variants — Blade lengths: 6 in, 8 in, 10 in; Handle: Black composite or Walnut; Edge: Straight. Price: $32.99 USD for the listed configuration; variant pricing may differ by size, capacity, bundle, or finish."
24,Home & Kitchen,Premium Stainless Steel Chef Knife,"The Premium Stainless Steel Chef Knife is a 8-inch chef knife designed for chopping, slicing, meal prep. It features high-carbon stainless blade, ergonomic handle, protective sheath. This premium version emphasizes upgraded materials and added convenience for frequent use, making it suitable for shoppers who want a practical product that is easy to use, maintain, and integrate into everyday routines. Available variants — Blade lengths: 6 in, 8 in, 10 in; Handle: Black composite or Walnut; Edge: Straight. Price: $46.49 USD for the listed configuration; variant pricing may differ by size, capacity, bundle, or finish."
25,Home & Kitchen,Essential Programmable Coffee Maker,"The Essential Programmable Coffee Maker is a drip coffee maker designed for morning coffee, households, offices. It features 12-cup carafe, 24-hour timer, brew-strength control, auto shutoff. This essential version emphasizes balanced everyday performance and reliable construction, making it suitable for shoppers who want a practical product that is easy to use, maintain, and integrate into everyday routines. Available variants — Capacity: 8-cup or 12-cup; Finish: Black or Stainless Steel; Carafe: Glass or Thermal. Price: $52.99 USD for the listed configuration; variant pricing may differ by size, capacity, bundle, or finish."
26,Home & Kitchen,Premium Programmable Coffee Maker,"The Premium Programmable Coffee Maker is a drip coffee maker designed for morning coffee, households, offices. It features 12-cup carafe, 24-hour timer, brew-strength control, auto shutoff. This premium version emphasizes upgraded materials and added convenience for frequent use, making it suitable for shoppers who want a practical product that is easy to use, maintain, and integrate into everyday routines. Available variants — Capacity: 8-cup or 12-cup; Finish: Black or Stainless Steel; Carafe: Glass or Thermal. Price: $73.49 USD for the listed configuration; variant pricing may differ by size, capacity, bundle, or finish."
27,Home & Kitchen,Essential Electric Gooseneck Kettle,"The Essential Electric Gooseneck Kettle is a temperature-control kettle designed for pour-over coffee, tea, hot beverages. It features variable temperature settings, keep-warm mode, precision pour spout. This essential version emphasizes balanced everyday performance and reliable construction, making it suitable for shoppers who want a practical product that is easy to use, maintain, and integrate into everyday routines. Available variants — Capacity: 1.0 L or 1.7 L; Finish: Matte Black or Stainless Steel; Temperature: Fixed or Variable. Price: $41.99 USD for the listed configuration; variant pricing may differ by size, capacity, bundle, or finish."
28,Home & Kitchen,Premium Electric Gooseneck Kettle,"The Premium Electric Gooseneck Kettle is a temperature-control kettle designed for pour-over coffee, tea, hot beverages. It features variable temperature settings, keep-warm mode, precision pour spout. This premium version emphasizes upgraded materials and added convenience for frequent use, making it suitable for shoppers who want a practical product that is easy to use, maintain, and integrate into everyday routines. Available variants — Capacity: 1.0 L or 1.7 L; Finish: Matte Black or Stainless Steel; Temperature: Fixed or Variable. Price: $60.99 USD for the listed configuration; variant pricing may differ by size, capacity, bundle, or finish."
29,Home & Kitchen,Essential Memory Foam Pillow,"The Essential Memory Foam Pillow is a sleep pillow designed for side sleepers, back sleepers, neck support. It features contoured support, breathable cover, medium-firm foam, removable washable case. This essential version emphasizes balanced everyday performance and reliable construction, making it suitable for shoppers who want a practical product that is easy to use, maintain, and integrate into everyday routines. Available variants — Colors: Black, Navy, Silver; Configuration: Standard or Value; Pack: Single. Price: $29.99 USD for the listed configuration; variant pricing may differ by size, capacity, bundle, or finish."
30,Home & Kitchen,Premium Memory Foam Pillow,"The Premium Memory Foam Pillow is a sleep pillow designed for side sleepers, back sleepers, neck support. It features contoured support, breathable cover, medium-firm foam, removable washable case. This premium version emphasizes upgraded materials and added convenience for frequent use, making it suitable for shoppers who want a practical product that is easy to use, maintain, and integrate into everyday routines. Available variants — Colors: Midnight Black, Arctic Silver, Deep Navy; Configuration: Standard or Deluxe; Pack: Single. Price: $43.49 USD for the listed configuration; variant pricing may differ by size, capacity, bundle, or finish."
31,Home & Kitchen,Essential Robot Vacuum Cleaner,"The Essential Robot Vacuum Cleaner is a robot vacuum designed for apartments, pet hair, daily floor maintenance. It features smart mapping, app control, automatic recharge, multi-surface cleaning. This essential version emphasizes balanced everyday performance and reliable construction, making it suitable for shoppers who want a practical product that is easy to use, maintain, and integrate into everyday routines. Available variants — Colors: Black or White; Runtime: 30 or 45 minutes; Attachments: Standard or Pet-Hair Kit. Price: $39.99 USD for the listed configuration; variant pricing may differ by size, capacity, bundle, or finish."
32,Home & Kitchen,Premium Robot Vacuum Cleaner,"The Premium Robot Vacuum Cleaner is a robot vacuum designed for apartments, pet hair, daily floor maintenance. It features smart mapping, app control, automatic recharge, multi-surface cleaning. This premium version emphasizes upgraded materials and added convenience for frequent use, making it suitable for shoppers who want a practical product that is easy to use, maintain, and integrate into everyday routines. Available variants — Colors: Black or White; Runtime: 30 or 45 minutes; Attachments: Standard or Pet-Hair Kit. Price: $55.99 USD for the listed configuration; variant pricing may differ by size, capacity, bundle, or finish."
33,Home & Kitchen,Essential Bamboo Cutting Board Set,"The Essential Bamboo Cutting Board Set is a cutting boards designed for food prep, serving, kitchen organization. It features three sizes, juice grooves, knife-friendly surface, easy-grip handles. This essential version emphasizes balanced everyday performance and reliable construction, making it suitable for shoppers who want a practical product that is easy to use, maintain, and integrate into everyday routines. Available variants — Sizes: Small, Medium, Large; Material: Bamboo or Acacia; Set: Single or 3-piece. Price: $26.99 USD for the listed configuration; variant pricing may differ by size, capacity, bundle, or finish."
34,Home & Kitchen,Premium Bamboo Cutting Board Set,"The Premium Bamboo Cutting Board Set is a cutting boards designed for food prep, serving, kitchen organization. It features three sizes, juice grooves, knife-friendly surface, easy-grip handles. This premium version emphasizes upgraded materials and added convenience for frequent use, making it suitable for shoppers who want a practical product that is easy to use, maintain, and integrate into everyday routines. Available variants — Sizes: Small, Medium, Large; Material: Bamboo or Acacia; Set: Single or 3-piece. Price: $43.59 USD for the listed configuration; variant pricing may differ by size, capacity, bundle, or finish."
35,Home & Kitchen,Essential Glass Food Storage Set,"The Essential Glass Food Storage Set is a storage containers designed for meal prep, leftovers, pantry organization. It features airtight locking lids, microwave-safe glass, freezer safe, stackable design. This essential version emphasizes balanced everyday performance and reliable construction, making it suitable for shoppers who want a practical product that is easy to use, maintain, and integrate into everyday routines. Available variants — Colors: Black, Navy, Silver; Configuration: Standard or Value; Pack: Single. Price: $27.99 USD for the listed configuration; variant pricing may differ by size, capacity, bundle, or finish."
36,Home & Kitchen,Premium Glass Food Storage Set,"The Premium Glass Food Storage Set is a storage containers designed for meal prep, leftovers, pantry organization. It features airtight locking lids, microwave-safe glass, freezer safe, stackable design. This premium version emphasizes upgraded materials and added convenience for frequent use, making it suitable for shoppers who want a practical product that is easy to use, maintain, and integrate into everyday routines. Available variants — Colors: Midnight Black, Arctic Silver, Deep Navy; Configuration: Standard or Deluxe; Pack: Single. Price: $46.49 USD for the listed configuration; variant pricing may differ by size, capacity, bundle, or finish."
37,Home & Kitchen,Essential Nonstick Cookware Set,"The Essential Nonstick Cookware Set is a pots and pans set designed for everyday cooking, new kitchens, family meals. It features 10-piece set, PFOA-free coating, tempered glass lids, stay-cool handles. This essential version emphasizes balanced everyday performance and reliable construction, making it suitable for shoppers who want a practical product that is easy to use, maintain, and integrate into everyday routines. Available variants — Sets: 7-piece, 10-piece, 12-piece; Finish: Stainless Steel or Black; Lid: Glass. Price: $86.99 USD for the listed configuration; variant pricing may differ by size, capacity, bundle, or finish."
38,Home & Kitchen,Premium Nonstick Cookware Set,"The Premium Nonstick Cookware Set is a pots and pans set designed for everyday cooking, new kitchens, family meals. It features 10-piece set, PFOA-free coating, tempered glass lids, stay-cool handles. This premium version emphasizes upgraded materials and added convenience for frequent use, making it suitable for shoppers who want a practical product that is easy to use, maintain, and integrate into everyday routines. Available variants — Sets: 7-piece, 10-piece, 12-piece; Finish: Stainless Steel or Black; Lid: Glass. Price: $133.49 USD for the listed configuration; variant pricing may differ by size, capacity, bundle, or finish."
39,Home & Kitchen,Essential Cotton Bath Towel Set,"The Essential Cotton Bath Towel Set is a bath towels designed for bathrooms, guest rooms, everyday use. It features six-piece set, absorbent cotton, soft loop weave, machine washable. This essential version emphasizes balanced everyday performance and reliable construction, making it suitable for shoppers who want a practical product that is easy to use, maintain, and integrate into everyday routines. Available variants — Colors: Black, Navy, Silver; Configuration: Standard or Value; Pack: Single. Price: $26.99 USD for the listed configuration; variant pricing may differ by size, capacity, bundle, or finish."
40,Home & Kitchen,Premium Cotton Bath Towel Set,"The Premium Cotton Bath Towel Set is a bath towels designed for bathrooms, guest rooms, everyday use. It features six-piece set, absorbent cotton, soft loop weave, machine washable. This premium version emphasizes upgraded materials and added convenience for frequent use, making it suitable for shoppers who want a practical product that is easy to use, maintain, and integrate into everyday routines. Available variants — Colors: Midnight Black, Arctic Silver, Deep Navy; Configuration: Standard or Deluxe; Pack: Single. Price: $37.24 USD for the listed configuration; variant pricing may differ by size, capacity, bundle, or finish."
41,Fashion,Essential Classic Cotton Hoodie,"The Essential Classic Cotton Hoodie is a unisex hoodie designed for casual wear, layering, cool weather. It features midweight cotton blend, brushed interior, adjustable drawstring, front pocket. This essential version emphasizes balanced everyday performance and reliable construction, making it suitable for shoppers who want a practical product that is easy to use, maintain, and integrate into everyday routines. Available variants — Colors: Black, Navy, Silver; Sizes: XS, S, M, L, XL, XXL; Fit: standard. Price: $37.99 USD for the listed configuration; variant pricing may differ by size, capacity, bundle, or finish."
42,Fashion,Premium Classic Cotton Hoodie,"The Premium Classic Cotton Hoodie is a unisex hoodie designed for casual wear, layering, cool weather. It features midweight cotton blend, brushed interior, adjustable drawstring, front pocket. This premium version emphasizes upgraded materials and added convenience for frequent use, making it suitable for shoppers who want a practical product that is easy to use, maintain, and integrate into everyday routines. Available variants — Colors: Midnight Black, Arctic Silver, Deep Navy; Sizes: XS, S, M, L, XL, XXL; Fit: tailored premium. Price: $51.74 USD for the listed configuration; variant pricing may differ by size, capacity, bundle, or finish."
43,Fashion,Essential Slim-Fit Stretch Chinos,"The Essential Slim-Fit Stretch Chinos is a men's chinos designed for work, casual events, travel. It features stretch cotton twill, tapered leg, five-pocket design, machine washable. This essential version emphasizes balanced everyday performance and reliable construction, making it suitable for shoppers who want a practical product that is easy to use, maintain, and integrate into everyday routines. Available variants — Colors: Black, Navy, Silver; Sizes: XS, S, M, L, XL, XXL; Fit: standard. Price: $38.99 USD for the listed configuration; variant pricing may differ by size, capacity, bundle, or finish."
44,Fashion,Premium Slim-Fit Stretch Chinos,"The Premium Slim-Fit Stretch Chinos is a men's chinos designed for work, casual events, travel. It features stretch cotton twill, tapered leg, five-pocket design, machine washable. This premium version emphasizes upgraded materials and added convenience for frequent use, making it suitable for shoppers who want a practical product that is easy to use, maintain, and integrate into everyday routines. Available variants — Colors: Midnight Black, Arctic Silver, Deep Navy; Sizes: XS, S, M, L, XL, XXL; Fit: tailored premium. Price: $55.99 USD for the listed configuration; variant pricing may differ by size, capacity, bundle, or finish."
45,Fashion,Essential High-Waist Leggings,"The Essential High-Waist Leggings is a women's leggings designed for fitness, yoga, everyday wear. It features four-way stretch, moisture-wicking fabric, high-rise waistband, side pocket. This essential version emphasizes balanced everyday performance and reliable construction, making it suitable for shoppers who want a practical product that is easy to use, maintain, and integrate into everyday routines. Available variants — Colors: Black, Navy, Silver; Sizes: XS, S, M, L, XL, XXL; Fit: standard. Price: $31.99 USD for the listed configuration; variant pricing may differ by size, capacity, bundle, or finish."
46,Fashion,Premium High-Waist Leggings,"The Premium High-Waist Leggings is a women's leggings designed for fitness, yoga, everyday wear. It features four-way stretch, moisture-wicking fabric, high-rise waistband, side pocket. This premium version emphasizes upgraded materials and added convenience for frequent use, making it suitable for shoppers who want a practical product that is easy to use, maintain, and integrate into everyday routines. Available variants — Colors: Midnight Black, Arctic Silver, Deep Navy; Sizes: XS, S, M, L, XL, XXL; Fit: tailored premium. Price: $45.49 USD for the listed configuration; variant pricing may differ by size, capacity, bundle, or finish."
47,Fashion,Essential Lightweight Puffer Jacket,"The Essential Lightweight Puffer Jacket is a insulated jacket designed for travel, fall weather, mild winter. It features water-resistant shell, synthetic insulation, zip pockets, packable design. This essential version emphasizes balanced everyday performance and reliable construction, making it suitable for shoppers who want a practical product that is easy to use, maintain, and integrate into everyday routines. Available variants — Colors: Black, Navy, Silver; Sizes: XS, S, M, L, XL, XXL; Fit: standard. Price: $61.99 USD for the listed configuration; variant pricing may differ by size, capacity, bundle, or finish."
48,Fashion,Premium Lightweight Puffer Jacket,"The Premium Lightweight Puffer Jacket is a insulated jacket designed for travel, fall weather, mild winter. It features water-resistant shell, synthetic insulation, zip pockets, packable design. This premium version emphasizes upgraded materials and added convenience for frequent use, making it suitable for shoppers who want a practical product that is easy to use, maintain, and integrate into everyday routines. Available variants — Colors: Midnight Black, Arctic Silver, Deep Navy; Sizes: XS, S, M, L, XL, XXL; Fit: tailored premium. Price: $85.99 USD for the listed configuration; variant pricing may differ by size, capacity, bundle, or finish."
49,Fashion,Essential Everyday Leather Belt,"The Essential Everyday Leather Belt is a leather belt designed for jeans, chinos, business casual. It features full-grain leather, brushed metal buckle, reinforced stitching. This essential version emphasizes balanced everyday performance and reliable construction, making it suitable for shoppers who want a practical product that is easy to use, maintain, and integrate into everyday routines. Available variants — Colors: Black, Brown, Tan; Sizes: 30-44 in; Buckle finish: Silver or Gunmetal. Price: $23.99 USD for the listed configuration; variant pricing may differ by size, capacity, bundle, or finish."
50,Fashion,Premium Everyday Leather Belt,"The Premium Everyday Leather Belt is a leather belt designed for jeans, chinos, business casual. It features full-grain leather, brushed metal buckle, reinforced stitching. This premium version emphasizes upgraded materials and added convenience for frequent use, making it suitable for shoppers who want a practical product that is easy to use, maintain, and integrate into everyday routines. Available variants — Colors: Black, Brown, Tan; Sizes: 30-44 in; Buckle finish: Silver or Gunmetal. Price: $35.24 USD for the listed configuration; variant pricing may differ by size, capacity, bundle, or finish."
51,Fashion,Essential Canvas Low-Top Sneakers,"The Essential Canvas Low-Top Sneakers is a casual sneakers designed for daily wear, walking, casual outfits. It features breathable canvas upper, cushioned insole, rubber outsole. This essential version emphasizes balanced everyday performance and reliable construction, making it suitable for shoppers who want a practical product that is easy to use, maintain, and integrate into everyday routines. Available variants — Colors: White, Black, Gray; Sizes: US 6-13; Width: Regular. Price: $47.99 USD for the listed configuration; variant pricing may differ by size, capacity, bundle, or finish."
52,Fashion,Premium Canvas Low-Top Sneakers,"The Premium Canvas Low-Top Sneakers is a casual sneakers designed for daily wear, walking, casual outfits. It features breathable canvas upper, cushioned insole, rubber outsole. This premium version emphasizes upgraded materials and added convenience for frequent use, making it suitable for shoppers who want a practical product that is easy to use, maintain, and integrate into everyday routines. Available variants — Colors: White, Black, Gray; Sizes: US 6-13; Width: Regular and Wide. Price: $69.49 USD for the listed configuration; variant pricing may differ by size, capacity, bundle, or finish."
53,Fashion,Essential Polarized Aviator Sunglasses,"The Essential Polarized Aviator Sunglasses is a sunglasses designed for driving, travel, outdoor use. It features UV400 lenses, polarized glare reduction, metal frame, protective case. This essential version emphasizes balanced everyday performance and reliable construction, making it suitable for shoppers who want a practical product that is easy to use, maintain, and integrate into everyday routines. Available variants — Frame colors: Black, Tortoise, Navy; Lens options: Gray, Brown, Polarized Green. Price: $28.99 USD for the listed configuration; variant pricing may differ by size, capacity, bundle, or finish."
54,Fashion,Premium Polarized Aviator Sunglasses,"The Premium Polarized Aviator Sunglasses is a sunglasses designed for driving, travel, outdoor use. It features UV400 lenses, polarized glare reduction, metal frame, protective case. This premium version emphasizes upgraded materials and added convenience for frequent use, making it suitable for shoppers who want a practical product that is easy to use, maintain, and integrate into everyday routines. Available variants — Frame colors: Black, Tortoise, Navy; Lens options: Gray, Brown, Polarized Green. Price: $43.49 USD for the listed configuration; variant pricing may differ by size, capacity, bundle, or finish."
55,Fashion,Essential Merino Wool Crew Socks,"The Essential Merino Wool Crew Socks is a wool socks designed for hiking, commuting, cool weather. It features temperature regulation, moisture control, reinforced heel and toe. This essential version emphasizes balanced everyday performance and reliable construction, making it suitable for shoppers who want a practical product that is easy to use, maintain, and integrate into everyday routines. Available variants — Colors: Black, Navy, Silver; Configuration: Standard or Value; Pack: Single. Price: $30.99 USD for the listed configuration; variant pricing may differ by size, capacity, bundle, or finish."
56,Fashion,Premium Merino Wool Crew Socks,"The Premium Merino Wool Crew Socks is a wool socks designed for hiking, commuting, cool weather. It features temperature regulation, moisture control, reinforced heel and toe. This premium version emphasizes upgraded materials and added convenience for frequent use, making it suitable for shoppers who want a practical product that is easy to use, maintain, and integrate into everyday routines. Available variants — Colors: Midnight Black, Arctic Silver, Deep Navy; Configuration: Standard or Deluxe; Pack: Single. Price: $42.49 USD for the listed configuration; variant pricing may differ by size, capacity, bundle, or finish."
57,Fashion,Essential Crossbody Sling Bag,"The Essential Crossbody Sling Bag is a compact bag designed for travel, commuting, festivals. It features adjustable strap, water-resistant fabric, hidden pocket, organized compartments. This essential version emphasizes balanced everyday performance and reliable construction, making it suitable for shoppers who want a practical product that is easy to use, maintain, and integrate into everyday routines. Available variants — Colors: Black, Navy, Silver; Configuration: Standard or Value; Pack: Single. Price: $26.99 USD for the listed configuration; variant pricing may differ by size, capacity, bundle, or finish."
58,Fashion,Premium Crossbody Sling Bag,"The Premium Crossbody Sling Bag is a compact bag designed for travel, commuting, festivals. It features adjustable strap, water-resistant fabric, hidden pocket, organized compartments. This premium version emphasizes upgraded materials and added convenience for frequent use, making it suitable for shoppers who want a practical product that is easy to use, maintain, and integrate into everyday routines. Available variants — Colors: Midnight Black, Arctic Silver, Deep Navy; Configuration: Standard or Deluxe; Pack: Single. Price: $42.49 USD for the listed configuration; variant pricing may differ by size, capacity, bundle, or finish."
59,Fashion,Essential Minimalist Wristwatch,"The Essential Minimalist Wristwatch is a analog watch designed for work, formal outfits, daily wear. It features quartz movement, stainless steel case, scratch-resistant mineral glass. This essential version emphasizes balanced everyday performance and reliable construction, making it suitable for shoppers who want a practical product that is easy to use, maintain, and integrate into everyday routines. Available variants — Colors: Black, Navy, Silver; Configuration: Standard or Value; Pack: Single. Price: $32.99 USD for the listed configuration; variant pricing may differ by size, capacity, bundle, or finish."
60,Fashion,Premium Minimalist Wristwatch,"The Premium Minimalist Wristwatch is a analog watch designed for work, formal outfits, daily wear. It features quartz movement, stainless steel case, scratch-resistant mineral glass. This premium version emphasizes upgraded materials and added convenience for frequent use, making it suitable for shoppers who want a practical product that is easy to use, maintain, and integrate into everyday routines. Available variants — Colors: Midnight Black, Arctic Silver, Deep Navy; Configuration: Standard or Deluxe; Pack: Single. Price: $40.49 USD for the listed configuration; variant pricing may differ by size, capacity, bundle, or finish."
61,Beauty & Personal Care,Essential Vitamin C Face Serum,"The Essential Vitamin C Face Serum is a facial serum designed for dull skin, hydration, daily skincare. It features 10% vitamin C, hyaluronic acid, fragrance-free formula, dropper bottle. This essential version emphasizes balanced everyday performance and reliable construction, making it suitable for shoppers who want a practical product that is easy to use, maintain, and integrate into everyday routines. Available variants — Sizes: 1 oz, 2 oz, 4 oz; Formula: Fragrance-Free or Lightly Scented; Pack: Single or 2-pack. Price: $19.99 USD for the listed configuration; variant pricing may differ by size, capacity, bundle, or finish."
62,Beauty & Personal Care,Premium Vitamin C Face Serum,"The Premium Vitamin C Face Serum is a facial serum designed for dull skin, hydration, daily skincare. It features 10% vitamin C, hyaluronic acid, fragrance-free formula, dropper bottle. This premium version emphasizes upgraded materials and added convenience for frequent use, making it suitable for shoppers who want a practical product that is easy to use, maintain, and integrate into everyday routines. Available variants — Sizes: 1 oz, 2 oz, 4 oz; Formula: Fragrance-Free or Lightly Scented; Pack: Single or 2-pack. Price: $24.54 USD for the listed configuration; variant pricing may differ by size, capacity, bundle, or finish."
63,Beauty & Personal Care,Essential Ceramic Hair Straightener,"The Essential Ceramic Hair Straightener is a flat iron designed for straightening, smoothing, styling. It features adjustable heat, ceramic plates, auto shutoff, swivel cord. This essential version emphasizes balanced everyday performance and reliable construction, making it suitable for shoppers who want a practical product that is easy to use, maintain, and integrate into everyday routines. Available variants — Plate width: 1 in or 1.5 in; Colors: Black or Rose Gold; Heat range: 250-450°F. Price: $35.99 USD for the listed configuration; variant pricing may differ by size, capacity, bundle, or finish."
64,Beauty & Personal Care,Premium Ceramic Hair Straightener,"The Premium Ceramic Hair Straightener is a flat iron designed for straightening, smoothing, styling. It features adjustable heat, ceramic plates, auto shutoff, swivel cord. This premium version emphasizes upgraded materials and added convenience for frequent use, making it suitable for shoppers who want a practical product that is easy to use, maintain, and integrate into everyday routines. Available variants — Plate width: 1 in or 1.5 in; Colors: Black or Rose Gold; Heat range: 250-450°F. Price: $49.74 USD for the listed configuration; variant pricing may differ by size, capacity, bundle, or finish."
65,Beauty & Personal Care,Essential Sonic Electric Toothbrush,"The Essential Sonic Electric Toothbrush is a electric toothbrush designed for daily oral care, travel, sensitive gums. It features five brushing modes, two-minute timer, rechargeable battery, two brush heads. This essential version emphasizes balanced everyday performance and reliable construction, making it suitable for shoppers who want a practical product that is easy to use, maintain, and integrate into everyday routines. Available variants — Colors: Black, White, Pink; Brush heads: Soft or Sensitive; Pack: 1 handle or 2-handle family pack. Price: $29.99 USD for the listed configuration; variant pricing may differ by size, capacity, bundle, or finish."
66,Beauty & Personal Care,Premium Sonic Electric Toothbrush,"The Premium Sonic Electric Toothbrush is a electric toothbrush designed for daily oral care, travel, sensitive gums. It features five brushing modes, two-minute timer, rechargeable battery, two brush heads. This premium version emphasizes upgraded materials and added convenience for frequent use, making it suitable for shoppers who want a practical product that is easy to use, maintain, and integrate into everyday routines. Available variants — Colors: Black, White, Pink; Brush heads: Soft or Sensitive; Pack: 1 handle or 2-handle family pack. Price: $44.49 USD for the listed configuration; variant pricing may differ by size, capacity, bundle, or finish."
67,Beauty & Personal Care,Essential Hydrating Body Lotion,"The Essential Hydrating Body Lotion is a body moisturizer designed for dry skin, daily moisturizing, sensitive skin. It features ceramides, shea butter, fast-absorbing texture, fragrance-free. This essential version emphasizes balanced everyday performance and reliable construction, making it suitable for shoppers who want a practical product that is easy to use, maintain, and integrate into everyday routines. Available variants — Sizes: 1 oz, 2 oz, 4 oz; Formula: Fragrance-Free or Lightly Scented; Pack: Single or 2-pack. Price: $14.99 USD for the listed configuration; variant pricing may differ by size, capacity, bundle, or finish."
68,Beauty & Personal Care,Premium Hydrating Body Lotion,"The Premium Hydrating Body Lotion is a body moisturizer designed for dry skin, daily moisturizing, sensitive skin. It features ceramides, shea butter, fast-absorbing texture, fragrance-free. This premium version emphasizes upgraded materials and added convenience for frequent use, making it suitable for shoppers who want a practical product that is easy to use, maintain, and integrate into everyday routines. Available variants — Sizes: 1 oz, 2 oz, 4 oz; Formula: Fragrance-Free or Lightly Scented; Pack: Single or 2-pack. Price: $23.74 USD for the listed configuration; variant pricing may differ by size, capacity, bundle, or finish."
69,Beauty & Personal Care,Essential Rechargeable Beard Trimmer,"The Essential Rechargeable Beard Trimmer is a beard trimmer designed for beard shaping, stubble, grooming. It features precision dial, washable head, cordless use, multiple comb guides. This essential version emphasizes balanced everyday performance and reliable construction, making it suitable for shoppers who want a practical product that is easy to use, maintain, and integrate into everyday routines. Available variants — Colors: Black or Silver; Comb lengths: 1-10 mm; Kit: Basic or Full Grooming. Price: $30.99 USD for the listed configuration; variant pricing may differ by size, capacity, bundle, or finish."
70,Beauty & Personal Care,Premium Rechargeable Beard Trimmer,"The Premium Rechargeable Beard Trimmer is a beard trimmer designed for beard shaping, stubble, grooming. It features precision dial, washable head, cordless use, multiple comb guides. This premium version emphasizes upgraded materials and added convenience for frequent use, making it suitable for shoppers who want a practical product that is easy to use, maintain, and integrate into everyday routines. Available variants — Colors: Black or Silver; Comb lengths: 1-10 mm; Kit: Basic or Full Grooming. Price: $45.49 USD for the listed configuration; variant pricing may differ by size, capacity, bundle, or finish."
71,Beauty & Personal Care,Essential Mineral Sunscreen SPF 50,"The Essential Mineral Sunscreen SPF 50 is a face sunscreen designed for daily sun protection, outdoor activities, sensitive skin. It features broad-spectrum SPF 50, zinc oxide, lightweight finish, water resistance. This essential version emphasizes balanced everyday performance and reliable construction, making it suitable for shoppers who want a practical product that is easy to use, maintain, and integrate into everyday routines. Available variants — Sizes: 1 oz, 2 oz, 4 oz; Formula: Fragrance-Free or Lightly Scented; Pack: Single or 2-pack. Price: $16.99 USD for the listed configuration; variant pricing may differ by size, capacity, bundle, or finish."
72,Beauty & Personal Care,Premium Mineral Sunscreen SPF 50,"The Premium Mineral Sunscreen SPF 50 is a face sunscreen designed for daily sun protection, outdoor activities, sensitive skin. It features broad-spectrum SPF 50, zinc oxide, lightweight finish, water resistance. This premium version emphasizes upgraded materials and added convenience for frequent use, making it suitable for shoppers who want a practical product that is easy to use, maintain, and integrate into everyday routines. Available variants — Sizes: 1 oz, 2 oz, 4 oz; Formula: Fragrance-Free or Lightly Scented; Pack: Single or 2-pack. Price: $24.64 USD for the listed configuration; variant pricing may differ by size, capacity, bundle, or finish."
73,Beauty & Personal Care,Essential Silk Sleep Mask,"The Essential Silk Sleep Mask is a sleep mask designed for sleep, flights, naps. It features mulberry silk surface, soft padding, adjustable strap, light-blocking design. This essential version emphasizes balanced everyday performance and reliable construction, making it suitable for shoppers who want a practical product that is easy to use, maintain, and integrate into everyday routines. Available variants — Colors: Black, Navy, Silver; Configuration: Standard or Value; Pack: Single. Price: $31.99 USD for the listed configuration; variant pricing may differ by size, capacity, bundle, or finish."
74,Beauty & Personal Care,Premium Silk Sleep Mask,"The Premium Silk Sleep Mask is a sleep mask designed for sleep, flights, naps. It features mulberry silk surface, soft padding, adjustable strap, light-blocking design. This premium version emphasizes upgraded materials and added convenience for frequent use, making it suitable for shoppers who want a practical product that is easy to use, maintain, and integrate into everyday routines. Available variants — Colors: Midnight Black, Arctic Silver, Deep Navy; Configuration: Standard or Deluxe; Pack: Single. Price: $44.49 USD for the listed configuration; variant pricing may differ by size, capacity, bundle, or finish."
75,Beauty & Personal Care,Essential Microfiber Hair Towel Wrap,"The Essential Microfiber Hair Towel Wrap is a hair towel designed for curly hair, long hair, reducing drying time. It features quick-drying microfiber, button loop closure, lightweight fabric. This essential version emphasizes balanced everyday performance and reliable construction, making it suitable for shoppers who want a practical product that is easy to use, maintain, and integrate into everyday routines. Available variants — Colors: Black, Navy, Silver; Configuration: Standard or Value; Pack: Single. Price: $27.99 USD for the listed configuration; variant pricing may differ by size, capacity, bundle, or finish."
76,Beauty & Personal Care,Premium Microfiber Hair Towel Wrap,"The Premium Microfiber Hair Towel Wrap is a hair towel designed for curly hair, long hair, reducing drying time. It features quick-drying microfiber, button loop closure, lightweight fabric. This premium version emphasizes upgraded materials and added convenience for frequent use, making it suitable for shoppers who want a practical product that is easy to use, maintain, and integrate into everyday routines. Available variants — Colors: Midnight Black, Arctic Silver, Deep Navy; Configuration: Standard or Deluxe; Pack: Single. Price: $40.49 USD for the listed configuration; variant pricing may differ by size, capacity, bundle, or finish."
77,Beauty & Personal Care,Essential Facial Cleansing Brush,"The Essential Facial Cleansing Brush is a cleansing device designed for deep cleansing, skincare routines, travel. It features soft silicone bristles, multiple vibration levels, waterproof body, USB charging. This essential version emphasizes balanced everyday performance and reliable construction, making it suitable for shoppers who want a practical product that is easy to use, maintain, and integrate into everyday routines. Available variants — Colors: Black, Navy, Silver; Configuration: Standard or Value; Pack: Single. Price: $26.99 USD for the listed configuration; variant pricing may differ by size, capacity, bundle, or finish."
78,Beauty & Personal Care,Premium Facial Cleansing Brush,"The Premium Facial Cleansing Brush is a cleansing device designed for deep cleansing, skincare routines, travel. It features soft silicone bristles, multiple vibration levels, waterproof body, USB charging. This premium version emphasizes upgraded materials and added convenience for frequent use, making it suitable for shoppers who want a practical product that is easy to use, maintain, and integrate into everyday routines. Available variants — Colors: Midnight Black, Arctic Silver, Deep Navy; Configuration: Standard or Deluxe; Pack: Single. Price: $40.49 USD for the listed configuration; variant pricing may differ by size, capacity, bundle, or finish."
79,Beauty & Personal Care,Essential Essential Oil Diffuser,"The Essential Essential Oil Diffuser is a aroma diffuser designed for bedrooms, relaxation, home fragrance. It features 300 ml tank, ultrasonic mist, timer settings, auto shutoff. This essential version emphasizes balanced everyday performance and reliable construction, making it suitable for shoppers who want a practical product that is easy to use, maintain, and integrate into everyday routines. Available variants — Colors: Black, Navy, Silver; Configuration: Standard or Value; Pack: Single. Price: $29.99 USD for the listed configuration; variant pricing may differ by size, capacity, bundle, or finish."
80,Beauty & Personal Care,Premium Essential Oil Diffuser,"The Premium Essential Oil Diffuser is a aroma diffuser designed for bedrooms, relaxation, home fragrance. It features 300 ml tank, ultrasonic mist, timer settings, auto shutoff. This premium version emphasizes upgraded materials and added convenience for frequent use, making it suitable for shoppers who want a practical product that is easy to use, maintain, and integrate into everyday routines. Available variants — Colors: Midnight Black, Arctic Silver, Deep Navy; Configuration: Standard or Deluxe; Pack: Single. Price: $46.49 USD for the listed configuration; variant pricing may differ by size, capacity, bundle, or finish."
81,Sports & Outdoors,Essential Insulated Stainless Water Bottle,"The Essential Insulated Stainless Water Bottle is a water bottle designed for gym, hiking, commuting. It features 32-ounce capacity, double-wall insulation, leakproof lid, wide mouth. This essential version emphasizes balanced everyday performance and reliable construction, making it suitable for shoppers who want a practical product that is easy to use, maintain, and integrate into everyday routines. Available variants — Capacity: 20 oz, 32 oz, 40 oz; Colors: Black, Blue, Green, White; Lid: Straw or Chug. Price: $23.99 USD for the listed configuration; variant pricing may differ by size, capacity, bundle, or finish."
82,Sports & Outdoors,Premium Insulated Stainless Water Bottle,"The Premium Insulated Stainless Water Bottle is a water bottle designed for gym, hiking, commuting. It features 32-ounce capacity, double-wall insulation, leakproof lid, wide mouth. This premium version emphasizes upgraded materials and added convenience for frequent use, making it suitable for shoppers who want a practical product that is easy to use, maintain, and integrate into everyday routines. Available variants — Capacity: 20 oz, 32 oz, 40 oz; Colors: Black, Blue, Green, White; Lid: Straw or Chug. Price: $34.24 USD for the listed configuration; variant pricing may differ by size, capacity, bundle, or finish."
83,Sports & Outdoors,Essential Adjustable Dumbbell Pair,"The Essential Adjustable Dumbbell Pair is a adjustable dumbbells designed for home gyms, strength training, small spaces. It features quick-change weight system, compact footprint, non-slip handles. This essential version emphasizes balanced everyday performance and reliable construction, making it suitable for shoppers who want a practical product that is easy to use, maintain, and integrate into everyday routines. Available variants — Weight ranges: 5-25 lb, 5-50 lb, 10-90 lb per dumbbell; Finish: Black; Stand: Optional. Price: $89.99 USD for the listed configuration; variant pricing may differ by size, capacity, bundle, or finish."
84,Sports & Outdoors,Premium Adjustable Dumbbell Pair,"The Premium Adjustable Dumbbell Pair is a adjustable dumbbells designed for home gyms, strength training, small spaces. It features quick-change weight system, compact footprint, non-slip handles. This premium version emphasizes upgraded materials and added convenience for frequent use, making it suitable for shoppers who want a practical product that is easy to use, maintain, and integrate into everyday routines. Available variants — Weight ranges: 5-25 lb, 5-50 lb, 10-90 lb per dumbbell; Finish: Black; Stand: Optional. Price: $130.49 USD for the listed configuration; variant pricing may differ by size, capacity, bundle, or finish."
85,Sports & Outdoors,Essential Non-Slip Yoga Mat,"The Essential Non-Slip Yoga Mat is a exercise mat designed for yoga, stretching, floor workouts. It features 6 mm cushioning, textured grip, carrying strap, easy-clean surface. This essential version emphasizes balanced everyday performance and reliable construction, making it suitable for shoppers who want a practical product that is easy to use, maintain, and integrate into everyday routines. Available variants — Thickness: 4 mm, 6 mm, 8 mm; Colors: Black, Teal, Purple; Length: Standard or Long. Price: $25.99 USD for the listed configuration; variant pricing may differ by size, capacity, bundle, or finish."
86,Sports & Outdoors,Premium Non-Slip Yoga Mat,"The Premium Non-Slip Yoga Mat is a exercise mat designed for yoga, stretching, floor workouts. It features 6 mm cushioning, textured grip, carrying strap, easy-clean surface. This premium version emphasizes upgraded materials and added convenience for frequent use, making it suitable for shoppers who want a practical product that is easy to use, maintain, and integrate into everyday routines. Available variants — Thickness: 4 mm, 6 mm, 8 mm; Colors: Black, Teal, Purple; Length: Standard or Long. Price: $36.24 USD for the listed configuration; variant pricing may differ by size, capacity, bundle, or finish."
87,Sports & Outdoors,Essential Lightweight Hiking Backpack,"The Essential Lightweight Hiking Backpack is a daypack designed for day hikes, travel, outdoor trips. It features 25-liter capacity, breathable back panel, hydration sleeve, rain-resistant fabric. This essential version emphasizes balanced everyday performance and reliable construction, making it suitable for shoppers who want a practical product that is easy to use, maintain, and integrate into everyday routines. Available variants — Capacity: 20 L, 30 L, 40 L; Colors: Black, Forest Green, Navy; Frame: Frameless or Internal. Price: $51.99 USD for the listed configuration; variant pricing may differ by size, capacity, bundle, or finish."
88,Sports & Outdoors,Premium Lightweight Hiking Backpack,"The Premium Lightweight Hiking Backpack is a daypack designed for day hikes, travel, outdoor trips. It features 25-liter capacity, breathable back panel, hydration sleeve, rain-resistant fabric. This premium version emphasizes upgraded materials and added convenience for frequent use, making it suitable for shoppers who want a practical product that is easy to use, maintain, and integrate into everyday routines. Available variants — Capacity: 20 L, 30 L, 40 L; Colors: Black, Forest Green, Navy; Frame: Frameless or Internal. Price: $69.49 USD for the listed configuration; variant pricing may differ by size, capacity, bundle, or finish."
89,Sports & Outdoors,Essential Resistance Band Set,"The Essential Resistance Band Set is a exercise bands designed for home workouts, mobility, strength training. It features five resistance levels, door anchor, ankle straps, carry pouch. This essential version emphasizes balanced everyday performance and reliable construction, making it suitable for shoppers who want a practical product that is easy to use, maintain, and integrate into everyday routines. Available variants — Resistance: Light, Medium, Heavy, Extra Heavy; Sets: 3-band or 5-band; Style: Loop or Tube. Price: $21.99 USD for the listed configuration; variant pricing may differ by size, capacity, bundle, or finish."
90,Sports & Outdoors,Premium Resistance Band Set,"The Premium Resistance Band Set is a exercise bands designed for home workouts, mobility, strength training. It features five resistance levels, door anchor, ankle straps, carry pouch. This premium version emphasizes upgraded materials and added convenience for frequent use, making it suitable for shoppers who want a practical product that is easy to use, maintain, and integrate into everyday routines. Available variants — Resistance: Light, Medium, Heavy, Extra Heavy; Sets: 3-band or 5-band; Style: Loop or Tube. Price: $31.99 USD for the listed configuration; variant pricing may differ by size, capacity, bundle, or finish."
91,Sports & Outdoors,Essential LED Camping Lantern,"The Essential LED Camping Lantern is a camping light designed for camping, emergencies, patios. It features multiple brightness modes, rechargeable battery, hanging hook, power-bank function. This essential version emphasizes balanced everyday performance and reliable construction, making it suitable for shoppers who want a practical product that is easy to use, maintain, and integrate into everyday routines. Available variants — Brightness: 300 or 600 lumens; Colors: Black or Green; Power: Rechargeable or Battery. Price: $28.99 USD for the listed configuration; variant pricing may differ by size, capacity, bundle, or finish."
92,Sports & Outdoors,Premium LED Camping Lantern,"The Premium LED Camping Lantern is a camping light designed for camping, emergencies, patios. It features multiple brightness modes, rechargeable battery, hanging hook, power-bank function. This premium version emphasizes upgraded materials and added convenience for frequent use, making it suitable for shoppers who want a practical product that is easy to use, maintain, and integrate into everyday routines. Available variants — Brightness: 300 or 600 lumens; Colors: Black or Green; Power: Rechargeable or Battery. Price: $41.49 USD for the listed configuration; variant pricing may differ by size, capacity, bundle, or finish."
93,Sports & Outdoors,Essential Foam Roller,"The Essential Foam Roller is a recovery roller designed for muscle recovery, stretching, mobility work. It features high-density foam, textured surface, compact length. This essential version emphasizes balanced everyday performance and reliable construction, making it suitable for shoppers who want a practical product that is easy to use, maintain, and integrate into everyday routines. Available variants — Lengths: 12 in, 18 in, 24 in; Density: Medium or Firm; Colors: Black or Blue. Price: $22.99 USD for the listed configuration; variant pricing may differ by size, capacity, bundle, or finish."
94,Sports & Outdoors,Premium Foam Roller,"The Premium Foam Roller is a recovery roller designed for muscle recovery, stretching, mobility work. It features high-density foam, textured surface, compact length. This premium version emphasizes upgraded materials and added convenience for frequent use, making it suitable for shoppers who want a practical product that is easy to use, maintain, and integrate into everyday routines. Available variants — Lengths: 12 in, 18 in, 24 in; Density: Medium or Firm; Colors: Black or Blue. Price: $34.34 USD for the listed configuration; variant pricing may differ by size, capacity, bundle, or finish."
95,Sports & Outdoors,Essential Pickleball Paddle Set,"The Essential Pickleball Paddle Set is a pickleball set designed for beginners, recreation, doubles play. It features two composite paddles, four balls, edge guards, carry bag. This essential version emphasizes balanced everyday performance and reliable construction, making it suitable for shoppers who want a practical product that is easy to use, maintain, and integrate into everyday routines. Available variants — Colors: Black, Navy, Silver; Configuration: Standard or Value; Pack: Single. Price: $32.99 USD for the listed configuration; variant pricing may differ by size, capacity, bundle, or finish."
96,Sports & Outdoors,Premium Pickleball Paddle Set,"The Premium Pickleball Paddle Set is a pickleball set designed for beginners, recreation, doubles play. It features two composite paddles, four balls, edge guards, carry bag. This premium version emphasizes upgraded materials and added convenience for frequent use, making it suitable for shoppers who want a practical product that is easy to use, maintain, and integrate into everyday routines. Available variants — Colors: Midnight Black, Arctic Silver, Deep Navy; Configuration: Standard or Deluxe; Pack: Single. Price: $45.49 USD for the listed configuration; variant pricing may differ by size, capacity, bundle, or finish."
97,Sports & Outdoors,Essential Digital Jump Rope,"The Essential Digital Jump Rope is a jump rope designed for cardio, boxing workouts, home fitness. It features adjustable rope length, calorie counter, jump counter, ergonomic handles. This essential version emphasizes balanced everyday performance and reliable construction, making it suitable for shoppers who want a practical product that is easy to use, maintain, and integrate into everyday routines. Available variants — Length: Adjustable up to 9 ft; Colors: Black, Red, Blue; Cable: PVC or Speed Cable. Price: $18.99 USD for the listed configuration; variant pricing may differ by size, capacity, bundle, or finish."
98,Sports & Outdoors,Premium Digital Jump Rope,"The Premium Digital Jump Rope is a jump rope designed for cardio, boxing workouts, home fitness. It features adjustable rope length, calorie counter, jump counter, ergonomic handles. This premium version emphasizes upgraded materials and added convenience for frequent use, making it suitable for shoppers who want a practical product that is easy to use, maintain, and integrate into everyday routines. Available variants — Length: Adjustable up to 9 ft; Colors: Black, Red, Blue; Cable: PVC or Speed Cable. Price: $21.19 USD for the listed configuration; variant pricing may differ by size, capacity, bundle, or finish."
99,Sports & Outdoors,Essential Compact Binoculars,"The Essential Compact Binoculars is a binoculars designed for birdwatching, sports events, travel. It features 10x magnification, 25 mm objective lenses, foldable design, neck strap. This essential version emphasizes balanced everyday performance and reliable construction, making it suitable for shoppers who want a practical product that is easy to use, maintain, and integrate into everyday routines. Available variants — Colors: Black, Navy, Silver; Configuration: Standard or Value; Pack: Single. Price: $30.99 USD for the listed configuration; variant pricing may differ by size, capacity, bundle, or finish."
100,Sports & Outdoors,Premium Compact Binoculars,"The Premium Compact Binoculars is a binoculars designed for birdwatching, sports events, travel. It features 10x magnification, 25 mm objective lenses, foldable design, neck strap. This premium version emphasizes upgraded materials and added convenience for frequent use, making it suitable for shoppers who want a practical product that is easy to use, maintain, and integrate into everyday routines. Available variants — Colors: Midnight Black, Arctic Silver, Deep Navy; Configuration: Standard or Deluxe; Pack: Single. Price: $43.49 USD for the listed configuration; variant pricing may differ by size, capacity, bundle, or finish."
101,Office & Stationery,Essential A5 Hardcover Notebook,"The Essential A5 Hardcover Notebook is a notebook designed for journaling, meetings, study notes. It features 192 ruled pages, lay-flat binding, ribbon marker, inner pocket. This essential version emphasizes balanced everyday performance and reliable construction, making it suitable for shoppers who want a practical product that is easy to use, maintain, and integrate into everyday routines. Available variants — Colors: Black, Navy, Burgundy; Paper: Ruled, Dot Grid, Plain; Pack: Single or 3-pack. Price: $15.99 USD for the listed configuration; variant pricing may differ by size, capacity, bundle, or finish."
102,Office & Stationery,Premium A5 Hardcover Notebook,"The Premium A5 Hardcover Notebook is a notebook designed for journaling, meetings, study notes. It features 192 ruled pages, lay-flat binding, ribbon marker, inner pocket. This premium version emphasizes upgraded materials and added convenience for frequent use, making it suitable for shoppers who want a practical product that is easy to use, maintain, and integrate into everyday routines. Available variants — Colors: Black, Navy, Burgundy; Paper: Ruled, Dot Grid, Plain; Pack: Single or 3-pack. Price: $16.84 USD for the listed configuration; variant pricing may differ by size, capacity, bundle, or finish."
103,Office & Stationery,Essential Gel Pen Set,"The Essential Gel Pen Set is a pens designed for school, office, note-taking. It features 12 smooth-writing pens, quick-dry ink, fine 0.5 mm tips, comfortable grips. This essential version emphasizes balanced everyday performance and reliable construction, making it suitable for shoppers who want a practical product that is easy to use, maintain, and integrate into everyday routines. Available variants — Ink colors: Black, Blue, Assorted; Tip: 0.5 mm or 0.7 mm; Pack sizes: 6, 12, 24. Price: $7.99 USD for the listed configuration; variant pricing may differ by size, capacity, bundle, or finish."
104,Office & Stationery,Premium Gel Pen Set,"The Premium Gel Pen Set is a pens designed for school, office, note-taking. It features 12 smooth-writing pens, quick-dry ink, fine 0.5 mm tips, comfortable grips. This premium version emphasizes upgraded materials and added convenience for frequent use, making it suitable for shoppers who want a practical product that is easy to use, maintain, and integrate into everyday routines. Available variants — Ink colors: Black, Blue, Assorted; Tip: 0.5 mm or 0.7 mm; Pack sizes: 6, 12, 24. Price: $16.49 USD for the listed configuration; variant pricing may differ by size, capacity, bundle, or finish."
105,Office & Stationery,Essential Adjustable Laptop Stand,"The Essential Adjustable Laptop Stand is a laptop stand designed for desk ergonomics, remote work, laptops. It features aluminum construction, height adjustment, ventilated design, foldable frame. This essential version emphasizes balanced everyday performance and reliable construction, making it suitable for shoppers who want a practical product that is easy to use, maintain, and integrate into everyday routines. Available variants — Colors: Silver, Space Gray; Laptop sizes: 11-17 in; Height: Fixed or Adjustable. Price: $31.99 USD for the listed configuration; variant pricing may differ by size, capacity, bundle, or finish."
106,Office & Stationery,Premium Adjustable Laptop Stand,"The Premium Adjustable Laptop Stand is a laptop stand designed for desk ergonomics, remote work, laptops. It features aluminum construction, height adjustment, ventilated design, foldable frame. This premium version emphasizes upgraded materials and added convenience for frequent use, making it suitable for shoppers who want a practical product that is easy to use, maintain, and integrate into everyday routines. Available variants — Colors: Silver, Space Gray; Laptop sizes: 11-17 in; Height: Fixed or Adjustable. Price: $41.49 USD for the listed configuration; variant pricing may differ by size, capacity, bundle, or finish."
107,Office & Stationery,Essential Desktop File Organizer,"The Essential Desktop File Organizer is a document organizer designed for paperwork, mail, office organization. It features five vertical slots, steel mesh construction, compact footprint. This essential version emphasizes balanced everyday performance and reliable construction, making it suitable for shoppers who want a practical product that is easy to use, maintain, and integrate into everyday routines. Available variants — Colors: Black, White, Silver; Compartments: 3-tier or 5-tier; Orientation: Vertical or Horizontal. Price: $21.99 USD for the listed configuration; variant pricing may differ by size, capacity, bundle, or finish."
108,Office & Stationery,Premium Desktop File Organizer,"The Premium Desktop File Organizer is a document organizer designed for paperwork, mail, office organization. It features five vertical slots, steel mesh construction, compact footprint. This premium version emphasizes upgraded materials and added convenience for frequent use, making it suitable for shoppers who want a practical product that is easy to use, maintain, and integrate into everyday routines. Available variants — Colors: Black, White, Silver; Compartments: 3-tier or 5-tier; Orientation: Vertical or Horizontal. Price: $28.99 USD for the listed configuration; variant pricing may differ by size, capacity, bundle, or finish."
109,Office & Stationery,Essential Weekly Desk Planner,"The Essential Weekly Desk Planner is a paper planner designed for planning, productivity, school. It features undated weekly layout, priorities section, habit tracker, tear-off pages. This essential version emphasizes balanced everyday performance and reliable construction, making it suitable for shoppers who want a practical product that is easy to use, maintain, and integrate into everyday routines. Available variants — Covers: Black, Sage, Lavender; Layout: Weekly or Daily; Size: A5 or Letter. Price: $17.99 USD for the listed configuration; variant pricing may differ by size, capacity, bundle, or finish."
110,Office & Stationery,Premium Weekly Desk Planner,"The Premium Weekly Desk Planner is a paper planner designed for planning, productivity, school. It features undated weekly layout, priorities section, habit tracker, tear-off pages. This premium version emphasizes upgraded materials and added convenience for frequent use, making it suitable for shoppers who want a practical product that is easy to use, maintain, and integrate into everyday routines. Available variants — Covers: Black, Sage, Lavender; Layout: Weekly or Daily; Size: A5 or Letter. Price: $22.74 USD for the listed configuration; variant pricing may differ by size, capacity, bundle, or finish."
111,Office & Stationery,Essential Rechargeable Desk Lamp,"The Essential Rechargeable Desk Lamp is a desk light designed for reading, studying, home offices. It features touch dimming, adjustable color temperature, USB charging port, flexible arm. This essential version emphasizes balanced everyday performance and reliable construction, making it suitable for shoppers who want a practical product that is easy to use, maintain, and integrate into everyday routines. Available variants — Colors: Black, Navy, Silver; Configuration: Standard or Value; Pack: Single. Price: $35.99 USD for the listed configuration; variant pricing may differ by size, capacity, bundle, or finish."
112,Office & Stationery,Premium Rechargeable Desk Lamp,"The Premium Rechargeable Desk Lamp is a desk light designed for reading, studying, home offices. It features touch dimming, adjustable color temperature, USB charging port, flexible arm. This premium version emphasizes upgraded materials and added convenience for frequent use, making it suitable for shoppers who want a practical product that is easy to use, maintain, and integrate into everyday routines. Available variants — Colors: Midnight Black, Arctic Silver, Deep Navy; Configuration: Standard or Deluxe; Pack: Single. Price: $49.84 USD for the listed configuration; variant pricing may differ by size, capacity, bundle, or finish."
113,Office & Stationery,Essential Whiteboard Calendar,"The Essential Whiteboard Calendar is a monthly planner board designed for family schedules, offices, planning. It features dry-erase surface, magnetic backing, markers included, reusable grid. This essential version emphasizes balanced everyday performance and reliable construction, making it suitable for shoppers who want a practical product that is easy to use, maintain, and integrate into everyday routines. Available variants — Sizes: 18x24 in, 24x36 in, 36x48 in; Frame: Aluminum or Black; Mount: Horizontal/Vertical. Price: $22.99 USD for the listed configuration; variant pricing may differ by size, capacity, bundle, or finish."
114,Office & Stationery,Premium Whiteboard Calendar,"The Premium Whiteboard Calendar is a monthly planner board designed for family schedules, offices, planning. It features dry-erase surface, magnetic backing, markers included, reusable grid. This premium version emphasizes upgraded materials and added convenience for frequent use, making it suitable for shoppers who want a practical product that is easy to use, maintain, and integrate into everyday routines. Available variants — Sizes: 18x24 in, 24x36 in, 36x48 in; Frame: Aluminum or Black; Mount: Horizontal/Vertical. Price: $38.24 USD for the listed configuration; variant pricing may differ by size, capacity, bundle, or finish."
115,Office & Stationery,Essential Ergonomic Seat Cushion,"The Essential Ergonomic Seat Cushion is a seat cushion designed for desk chairs, cars, long sitting sessions. It features memory foam core, non-slip base, breathable cover, coccyx cutout. This essential version emphasizes balanced everyday performance and reliable construction, making it suitable for shoppers who want a practical product that is easy to use, maintain, and integrate into everyday routines. Available variants — Colors: Black, Navy, Silver; Configuration: Standard or Value; Pack: Single. Price: $26.99 USD for the listed configuration; variant pricing may differ by size, capacity, bundle, or finish."
116,Office & Stationery,Premium Ergonomic Seat Cushion,"The Premium Ergonomic Seat Cushion is a seat cushion designed for desk chairs, cars, long sitting sessions. It features memory foam core, non-slip base, breathable cover, coccyx cutout. This premium version emphasizes upgraded materials and added convenience for frequent use, making it suitable for shoppers who want a practical product that is easy to use, maintain, and integrate into everyday routines. Available variants — Colors: Midnight Black, Arctic Silver, Deep Navy; Configuration: Standard or Deluxe; Pack: Single. Price: $43.49 USD for the listed configuration; variant pricing may differ by size, capacity, bundle, or finish."
117,Office & Stationery,Essential Thermal Label Printer,"The Essential Thermal Label Printer is a shipping label printer designed for small businesses, shipping, inventory labels. It features 4x6 label support, USB connection, direct thermal printing, no ink required. This essential version emphasizes balanced everyday performance and reliable construction, making it suitable for shoppers who want a practical product that is easy to use, maintain, and integrate into everyday routines. Available variants — Colors: Black, Navy, Silver; Configuration: Standard or Value; Pack: Single. Price: $29.99 USD for the listed configuration; variant pricing may differ by size, capacity, bundle, or finish."
118,Office & Stationery,Premium Thermal Label Printer,"The Premium Thermal Label Printer is a shipping label printer designed for small businesses, shipping, inventory labels. It features 4x6 label support, USB connection, direct thermal printing, no ink required. This premium version emphasizes upgraded materials and added convenience for frequent use, making it suitable for shoppers who want a practical product that is easy to use, maintain, and integrate into everyday routines. Available variants — Colors: Midnight Black, Arctic Silver, Deep Navy; Configuration: Standard or Deluxe; Pack: Single. Price: $40.49 USD for the listed configuration; variant pricing may differ by size, capacity, bundle, or finish."
119,Office & Stationery,Essential Document Scanner,"The Essential Document Scanner is a portable scanner designed for receipts, contracts, paper digitization. It features duplex scanning, automatic document feeder, USB power, OCR-ready output. This essential version emphasizes balanced everyday performance and reliable construction, making it suitable for shoppers who want a practical product that is easy to use, maintain, and integrate into everyday routines. Available variants — Colors: Black, Navy, Silver; Configuration: Standard or Value; Pack: Single. Price: $28.99 USD for the listed configuration; variant pricing may differ by size, capacity, bundle, or finish."
120,Office & Stationery,Premium Document Scanner,"The Premium Document Scanner is a portable scanner designed for receipts, contracts, paper digitization. It features duplex scanning, automatic document feeder, USB power, OCR-ready output. This premium version emphasizes upgraded materials and added convenience for frequent use, making it suitable for shoppers who want a practical product that is easy to use, maintain, and integrate into everyday routines. Available variants — Colors: Midnight Black, Arctic Silver, Deep Navy; Configuration: Standard or Deluxe; Pack: Single. Price: $40.49 USD for the listed configuration; variant pricing may differ by size, capacity, bundle, or finish."
121,Pet Supplies,Essential Automatic Pet Feeder,"The Essential Automatic Pet Feeder is a pet feeder designed for cats, small dogs, scheduled feeding. It features programmable meal times, portion control, battery backup, lockable food lid. This essential version emphasizes balanced everyday performance and reliable construction, making it suitable for shoppers who want a practical product that is easy to use, maintain, and integrate into everyday routines. Available variants — Capacity: 3 L, 5 L, 7 L; Colors: White or Black; Meal scheduling: 4 or 6 meals/day. Price: $46.99 USD for the listed configuration; variant pricing may differ by size, capacity, bundle, or finish."
122,Pet Supplies,Premium Automatic Pet Feeder,"The Premium Automatic Pet Feeder is a pet feeder designed for cats, small dogs, scheduled feeding. It features programmable meal times, portion control, battery backup, lockable food lid. This premium version emphasizes upgraded materials and added convenience for frequent use, making it suitable for shoppers who want a practical product that is easy to use, maintain, and integrate into everyday routines. Available variants — Capacity: 3 L, 5 L, 7 L; Colors: White or Black; Meal scheduling: 4 or 6 meals/day. Price: $74.49 USD for the listed configuration; variant pricing may differ by size, capacity, bundle, or finish."
123,Pet Supplies,Essential Orthopedic Dog Bed,"The Essential Orthopedic Dog Bed is a dog bed designed for older dogs, joint support, indoor rest. It features supportive foam base, washable cover, non-slip bottom, raised bolsters. This essential version emphasizes balanced everyday performance and reliable construction, making it suitable for shoppers who want a practical product that is easy to use, maintain, and integrate into everyday routines. Available variants — Sizes: S, M, L, XL; Colors: Gray, Brown, Navy; Cover: Standard or Waterproof. Price: $44.99 USD for the listed configuration; variant pricing may differ by size, capacity, bundle, or finish."
124,Pet Supplies,Premium Orthopedic Dog Bed,"The Premium Orthopedic Dog Bed is a dog bed designed for older dogs, joint support, indoor rest. It features supportive foam base, washable cover, non-slip bottom, raised bolsters. This premium version emphasizes upgraded materials and added convenience for frequent use, making it suitable for shoppers who want a practical product that is easy to use, maintain, and integrate into everyday routines. Available variants — Sizes: S, M, L, XL; Colors: Gray, Brown, Navy; Cover: Standard or Waterproof. Price: $62.24 USD for the listed configuration; variant pricing may differ by size, capacity, bundle, or finish."
125,Pet Supplies,Essential Cat Water Fountain,"The Essential Cat Water Fountain is a pet fountain designed for cats, hydration, multi-pet homes. It features 2.5-liter capacity, quiet pump, replaceable filter, visible water level. This essential version emphasizes balanced everyday performance and reliable construction, making it suitable for shoppers who want a practical product that is easy to use, maintain, and integrate into everyday routines. Available variants — Capacity: 2 L or 3.5 L; Colors: White or Stainless Steel; Filter pack: 1 or 4 filters. Price: $31.99 USD for the listed configuration; variant pricing may differ by size, capacity, bundle, or finish."
126,Pet Supplies,Premium Cat Water Fountain,"The Premium Cat Water Fountain is a pet fountain designed for cats, hydration, multi-pet homes. It features 2.5-liter capacity, quiet pump, replaceable filter, visible water level. This premium version emphasizes upgraded materials and added convenience for frequent use, making it suitable for shoppers who want a practical product that is easy to use, maintain, and integrate into everyday routines. Available variants — Capacity: 2 L or 3.5 L; Colors: White or Stainless Steel; Filter pack: 1 or 4 filters. Price: $46.49 USD for the listed configuration; variant pricing may differ by size, capacity, bundle, or finish."
127,Pet Supplies,Essential No-Pull Dog Harness,"The Essential No-Pull Dog Harness is a dog harness designed for walking, training, daily use. It features front and back leash clips, padded chest, reflective trim, adjustable straps. This essential version emphasizes balanced everyday performance and reliable construction, making it suitable for shoppers who want a practical product that is easy to use, maintain, and integrate into everyday routines. Available variants — Sizes: XS, S, M, L, XL; Colors: Black, Red, Blue; Clip style: Front + Back. Price: $21.99 USD for the listed configuration; variant pricing may differ by size, capacity, bundle, or finish."
128,Pet Supplies,Premium No-Pull Dog Harness,"The Premium No-Pull Dog Harness is a dog harness designed for walking, training, daily use. It features front and back leash clips, padded chest, reflective trim, adjustable straps. This premium version emphasizes upgraded materials and added convenience for frequent use, making it suitable for shoppers who want a practical product that is easy to use, maintain, and integrate into everyday routines. Available variants — Sizes: XS, S, M, L, XL; Colors: Black, Red, Blue; Clip style: Front + Back. Price: $39.24 USD for the listed configuration; variant pricing may differ by size, capacity, bundle, or finish."
129,Pet Supplies,Essential Interactive Treat Puzzle,"The Essential Interactive Treat Puzzle is a pet puzzle designed for dogs, enrichment, slow feeding. It features multiple treat compartments, sliding pieces, non-slip base. This essential version emphasizes balanced everyday performance and reliable construction, making it suitable for shoppers who want a practical product that is easy to use, maintain, and integrate into everyday routines. Available variants — Colors: Black, Navy, Silver; Configuration: Standard or Value; Pack: Single. Price: $14.99 USD for the listed configuration; variant pricing may differ by size, capacity, bundle, or finish."
130,Pet Supplies,Premium Interactive Treat Puzzle,"The Premium Interactive Treat Puzzle is a pet puzzle designed for dogs, enrichment, slow feeding. It features multiple treat compartments, sliding pieces, non-slip base. This premium version emphasizes upgraded materials and added convenience for frequent use, making it suitable for shoppers who want a practical product that is easy to use, maintain, and integrate into everyday routines. Available variants — Colors: Midnight Black, Arctic Silver, Deep Navy; Configuration: Standard or Deluxe; Pack: Single. Price: $27.64 USD for the listed configuration; variant pricing may differ by size, capacity, bundle, or finish."
131,Pet Supplies,Essential Self-Cleaning Slicker Brush,"The Essential Self-Cleaning Slicker Brush is a pet brush designed for dogs, cats, shedding control. It features fine bent bristles, one-touch hair release, ergonomic handle. This essential version emphasizes balanced everyday performance and reliable construction, making it suitable for shoppers who want a practical product that is easy to use, maintain, and integrate into everyday routines. Available variants — Colors: Black, Navy, Silver; Configuration: Standard or Value; Pack: Single. Price: $26.99 USD for the listed configuration; variant pricing may differ by size, capacity, bundle, or finish."
132,Pet Supplies,Premium Self-Cleaning Slicker Brush,"The Premium Self-Cleaning Slicker Brush is a pet brush designed for dogs, cats, shedding control. It features fine bent bristles, one-touch hair release, ergonomic handle. This premium version emphasizes upgraded materials and added convenience for frequent use, making it suitable for shoppers who want a practical product that is easy to use, maintain, and integrate into everyday routines. Available variants — Colors: Midnight Black, Arctic Silver, Deep Navy; Configuration: Standard or Deluxe; Pack: Single. Price: $40.49 USD for the listed configuration; variant pricing may differ by size, capacity, bundle, or finish."
133,Pet Supplies,Essential Foldable Pet Travel Carrier,"The Essential Foldable Pet Travel Carrier is a pet carrier designed for cats, small dogs, vet visits. It features airline-friendly size, mesh ventilation, padded shoulder strap, removable mat. This essential version emphasizes balanced everyday performance and reliable construction, making it suitable for shoppers who want a practical product that is easy to use, maintain, and integrate into everyday routines. Available variants — Sizes: Small or Large; Colors: Black, Gray, Blue; Style: Soft-sided or Expandable. Price: $26.99 USD for the listed configuration; variant pricing may differ by size, capacity, bundle, or finish."
134,Pet Supplies,Premium Foldable Pet Travel Carrier,"The Premium Foldable Pet Travel Carrier is a pet carrier designed for cats, small dogs, vet visits. It features airline-friendly size, mesh ventilation, padded shoulder strap, removable mat. This premium version emphasizes upgraded materials and added convenience for frequent use, making it suitable for shoppers who want a practical product that is easy to use, maintain, and integrate into everyday routines. Available variants — Sizes: Small or Large; Colors: Black, Gray, Blue; Style: Soft-sided or Expandable. Price: $41.49 USD for the listed configuration; variant pricing may differ by size, capacity, bundle, or finish."
135,Pet Supplies,Essential Clumping Cat Litter Mat,"The Essential Clumping Cat Litter Mat is a litter mat designed for litter boxes, floor protection, cleanup. It features double-layer trapping design, waterproof base, easy-pour opening. This essential version emphasizes balanced everyday performance and reliable construction, making it suitable for shoppers who want a practical product that is easy to use, maintain, and integrate into everyday routines. Available variants — Sizes: M, L, XL; Colors: Black, Gray, Beige; Layer: Single or Double. Price: $22.99 USD for the listed configuration; variant pricing may differ by size, capacity, bundle, or finish."
136,Pet Supplies,Premium Clumping Cat Litter Mat,"The Premium Clumping Cat Litter Mat is a litter mat designed for litter boxes, floor protection, cleanup. It features double-layer trapping design, waterproof base, easy-pour opening. This premium version emphasizes upgraded materials and added convenience for frequent use, making it suitable for shoppers who want a practical product that is easy to use, maintain, and integrate into everyday routines. Available variants — Sizes: M, L, XL; Colors: Black, Gray, Beige; Layer: Single or Double. Price: $30.99 USD for the listed configuration; variant pricing may differ by size, capacity, bundle, or finish."
137,Pet Supplies,Essential Durable Rubber Chew Toy,"The Essential Durable Rubber Chew Toy is a dog toy designed for chewing, enrichment, dental play. It features natural rubber, treat-fillable center, textured surface. This essential version emphasizes balanced everyday performance and reliable construction, making it suitable for shoppers who want a practical product that is easy to use, maintain, and integrate into everyday routines. Available variants — Sizes: Small, Medium, Large; Colors: Assorted; Toughness: Regular or Heavy-Chewer. Price: $12.99 USD for the listed configuration; variant pricing may differ by size, capacity, bundle, or finish."
138,Pet Supplies,Premium Durable Rubber Chew Toy,"The Premium Durable Rubber Chew Toy is a dog toy designed for chewing, enrichment, dental play. It features natural rubber, treat-fillable center, textured surface. This premium version emphasizes upgraded materials and added convenience for frequent use, making it suitable for shoppers who want a practical product that is easy to use, maintain, and integrate into everyday routines. Available variants — Sizes: Small, Medium, Large; Colors: Assorted; Toughness: Regular or Heavy-Chewer. Price: $19.74 USD for the listed configuration; variant pricing may differ by size, capacity, bundle, or finish."
139,Pet Supplies,Essential Pet Grooming Vacuum Kit,"The Essential Pet Grooming Vacuum Kit is a grooming kit designed for shedding dogs, cats, home grooming. It features low-noise suction, grooming attachments, hair collection bin, adjustable suction. This essential version emphasizes balanced everyday performance and reliable construction, making it suitable for shoppers who want a practical product that is easy to use, maintain, and integrate into everyday routines. Available variants — Sizes: Small-Pet or Large-Pet; Colors: Blue or Black; Kit: Brush only or 5-piece grooming set. Price: $20.99 USD for the listed configuration; variant pricing may differ by size, capacity, bundle, or finish."
140,Pet Supplies,Premium Pet Grooming Vacuum Kit,"The Premium Pet Grooming Vacuum Kit is a grooming kit designed for shedding dogs, cats, home grooming. It features low-noise suction, grooming attachments, hair collection bin, adjustable suction. This premium version emphasizes upgraded materials and added convenience for frequent use, making it suitable for shoppers who want a practical product that is easy to use, maintain, and integrate into everyday routines. Available variants — Sizes: Small-Pet or Large-Pet; Colors: Blue or Black; Kit: Brush only or 5-piece grooming set. Price: $31.34 USD for the listed configuration; variant pricing may differ by size, capacity, bundle, or finish."
141,Toys & Games,Essential Magnetic Building Tiles,"The Essential Magnetic Building Tiles is a construction toy designed for creative play, STEM learning, ages 3+. It features 100 colorful magnetic pieces, geometric shapes, storage box. This essential version emphasizes balanced everyday performance and reliable construction, making it suitable for shoppers who want a practical product that is easy to use, maintain, and integrate into everyday routines. Available variants — Set sizes: 32, 64, 100 pieces; Colors: Rainbow or Pastel; Storage bag: Optional. Price: $28.99 USD for the listed configuration; variant pricing may differ by size, capacity, bundle, or finish."
142,Toys & Games,Premium Magnetic Building Tiles,"The Premium Magnetic Building Tiles is a construction toy designed for creative play, STEM learning, ages 3+. It features 100 colorful magnetic pieces, geometric shapes, storage box. This premium version emphasizes upgraded materials and added convenience for frequent use, making it suitable for shoppers who want a practical product that is easy to use, maintain, and integrate into everyday routines. Available variants — Set sizes: 32, 64, 100 pieces; Colors: Rainbow or Pastel; Storage bag: Optional. Price: $41.49 USD for the listed configuration; variant pricing may differ by size, capacity, bundle, or finish."
143,Toys & Games,Essential Strategy Board Game,"The Essential Strategy Board Game is a family board game designed for game nights, families, strategy fans. It features resource management mechanics, 2-4 players, 45-minute play time. This essential version emphasizes balanced everyday performance and reliable construction, making it suitable for shoppers who want a practical product that is easy to use, maintain, and integrate into everyday routines. Available variants — Players: 2-4 or 2-6; Edition: Standard or Deluxe; Language: English. Price: $25.99 USD for the listed configuration; variant pricing may differ by size, capacity, bundle, or finish."
144,Toys & Games,Premium Strategy Board Game,"The Premium Strategy Board Game is a family board game designed for game nights, families, strategy fans. It features resource management mechanics, 2-4 players, 45-minute play time. This premium version emphasizes upgraded materials and added convenience for frequent use, making it suitable for shoppers who want a practical product that is easy to use, maintain, and integrate into everyday routines. Available variants — Players: 2-4 or 2-6; Edition: Standard or Deluxe; Language: English. Price: $38.24 USD for the listed configuration; variant pricing may differ by size, capacity, bundle, or finish."
145,Toys & Games,Essential Remote Control Monster Truck,"The Essential Remote Control Monster Truck is a RC truck designed for outdoor play, kids, beginners. It features 2.4 GHz remote, rechargeable battery, shock-resistant tires, all-terrain suspension. This essential version emphasizes balanced everyday performance and reliable construction, making it suitable for shoppers who want a practical product that is easy to use, maintain, and integrate into everyday routines. Available variants — Colors: Red, Blue, Green; Scale: 1:18 or 1:12; Battery: Standard or Extended. Price: $38.99 USD for the listed configuration; variant pricing may differ by size, capacity, bundle, or finish."
146,Toys & Games,Premium Remote Control Monster Truck,"The Premium Remote Control Monster Truck is a RC truck designed for outdoor play, kids, beginners. It features 2.4 GHz remote, rechargeable battery, shock-resistant tires, all-terrain suspension. This premium version emphasizes upgraded materials and added convenience for frequent use, making it suitable for shoppers who want a practical product that is easy to use, maintain, and integrate into everyday routines. Available variants — Colors: Red, Blue, Green; Scale: 1:18 or 1:12; Battery: Standard or Extended. Price: $58.99 USD for the listed configuration; variant pricing may differ by size, capacity, bundle, or finish."
147,Toys & Games,Essential Wooden Activity Cube,"The Essential Wooden Activity Cube is a toddler activity toy designed for toddlers, motor skills, early learning. It features shape sorter, bead maze, gears, counting blocks. This essential version emphasizes balanced everyday performance and reliable construction, making it suitable for shoppers who want a practical product that is easy to use, maintain, and integrate into everyday routines. Available variants — Sizes: Standard or Large; Finish: Natural or Pastel; Age range: 12-36 months. Price: $36.99 USD for the listed configuration; variant pricing may differ by size, capacity, bundle, or finish."
148,Toys & Games,Premium Wooden Activity Cube,"The Premium Wooden Activity Cube is a toddler activity toy designed for toddlers, motor skills, early learning. It features shape sorter, bead maze, gears, counting blocks. This premium version emphasizes upgraded materials and added convenience for frequent use, making it suitable for shoppers who want a practical product that is easy to use, maintain, and integrate into everyday routines. Available variants — Sizes: Standard or Large; Finish: Natural or Pastel; Age range: 12-36 months. Price: $51.74 USD for the listed configuration; variant pricing may differ by size, capacity, bundle, or finish."
149,Toys & Games,Essential 1000-Piece Landscape Puzzle,"The Essential 1000-Piece Landscape Puzzle is a jigsaw puzzle designed for adults, families, relaxing hobbies. It features precision-cut pieces, matte finish, reference poster included. This essential version emphasizes balanced everyday performance and reliable construction, making it suitable for shoppers who want a practical product that is easy to use, maintain, and integrate into everyday routines. Available variants — Piece counts: 100, 300, 500; Themes: Animals, Space, Landscapes; Difficulty: Kids or Family. Price: $15.99 USD for the listed configuration; variant pricing may differ by size, capacity, bundle, or finish."
150,Toys & Games,Premium 1000-Piece Landscape Puzzle,"The Premium 1000-Piece Landscape Puzzle is a jigsaw puzzle designed for adults, families, relaxing hobbies. It features precision-cut pieces, matte finish, reference poster included. This premium version emphasizes upgraded materials and added convenience for frequent use, making it suitable for shoppers who want a practical product that is easy to use, maintain, and integrate into everyday routines. Available variants — Piece counts: 100, 300, 500; Themes: Animals, Space, Landscapes; Difficulty: Kids or Family. Price: $27.64 USD for the listed configuration; variant pricing may differ by size, capacity, bundle, or finish."
151,Toys & Games,Essential Kids Art Supply Case,"The Essential Kids Art Supply Case is a art kit designed for drawing, crafts, school projects. It features colored pencils, crayons, markers, watercolor cakes, portable case. This essential version emphasizes balanced everyday performance and reliable construction, making it suitable for shoppers who want a practical product that is easy to use, maintain, and integrate into everyday routines. Available variants — Colors: Black, Navy, Silver; Configuration: Standard or Value; Pack: Single. Price: $26.99 USD for the listed configuration; variant pricing may differ by size, capacity, bundle, or finish."
152,Toys & Games,Premium Kids Art Supply Case,"The Premium Kids Art Supply Case is a art kit designed for drawing, crafts, school projects. It features colored pencils, crayons, markers, watercolor cakes, portable case. This premium version emphasizes upgraded materials and added convenience for frequent use, making it suitable for shoppers who want a practical product that is easy to use, maintain, and integrate into everyday routines. Available variants — Colors: Midnight Black, Arctic Silver, Deep Navy; Configuration: Standard or Deluxe; Pack: Single. Price: $41.49 USD for the listed configuration; variant pricing may differ by size, capacity, bundle, or finish."
153,Toys & Games,Essential Foam Dart Blaster Set,"The Essential Foam Dart Blaster Set is a toy blaster designed for indoor play, outdoor games, ages 8+. It features two blasters, 40 foam darts, rotating drums, protective glasses. This essential version emphasizes balanced everyday performance and reliable construction, making it suitable for shoppers who want a practical product that is easy to use, maintain, and integrate into everyday routines. Available variants — Colors: Black, Navy, Silver; Configuration: Standard or Value; Pack: Single. Price: $32.99 USD for the listed configuration; variant pricing may differ by size, capacity, bundle, or finish."
154,Toys & Games,Premium Foam Dart Blaster Set,"The Premium Foam Dart Blaster Set is a toy blaster designed for indoor play, outdoor games, ages 8+. It features two blasters, 40 foam darts, rotating drums, protective glasses. This premium version emphasizes upgraded materials and added convenience for frequent use, making it suitable for shoppers who want a practical product that is easy to use, maintain, and integrate into everyday routines. Available variants — Colors: Midnight Black, Arctic Silver, Deep Navy; Configuration: Standard or Deluxe; Pack: Single. Price: $44.49 USD for the listed configuration; variant pricing may differ by size, capacity, bundle, or finish."
155,Toys & Games,Essential Plush Dinosaur Toy,"The Essential Plush Dinosaur Toy is a stuffed animal designed for gifts, bedrooms, imaginative play. It features soft plush fabric, embroidered features, washable surface. This essential version emphasizes balanced everyday performance and reliable construction, making it suitable for shoppers who want a practical product that is easy to use, maintain, and integrate into everyday routines. Available variants — Sizes: 8 in, 14 in, 20 in; Characters: Assorted; Fabric: Standard or Extra-Soft. Price: $19.99 USD for the listed configuration; variant pricing may differ by size, capacity, bundle, or finish."
156,Toys & Games,Premium Plush Dinosaur Toy,"The Premium Plush Dinosaur Toy is a stuffed animal designed for gifts, bedrooms, imaginative play. It features soft plush fabric, embroidered features, washable surface. This premium version emphasizes upgraded materials and added convenience for frequent use, making it suitable for shoppers who want a practical product that is easy to use, maintain, and integrate into everyday routines. Available variants — Sizes: 8 in, 14 in, 20 in; Characters: Assorted; Fabric: Standard or Extra-Soft. Price: $29.54 USD for the listed configuration; variant pricing may differ by size, capacity, bundle, or finish."
157,Toys & Games,Essential Beginner Science Experiment Kit,"The Essential Beginner Science Experiment Kit is a science kit designed for STEM learning, homeschool, ages 8+. It features 30 guided experiments, child-safe materials, illustrated manual. This essential version emphasizes balanced everyday performance and reliable construction, making it suitable for shoppers who want a practical product that is easy to use, maintain, and integrate into everyday routines. Available variants — Colors: Black, Navy, Silver; Configuration: Standard or Value; Pack: Single. Price: $30.99 USD for the listed configuration; variant pricing may differ by size, capacity, bundle, or finish."
158,Toys & Games,Premium Beginner Science Experiment Kit,"The Premium Beginner Science Experiment Kit is a science kit designed for STEM learning, homeschool, ages 8+. It features 30 guided experiments, child-safe materials, illustrated manual. This premium version emphasizes upgraded materials and added convenience for frequent use, making it suitable for shoppers who want a practical product that is easy to use, maintain, and integrate into everyday routines. Available variants — Colors: Midnight Black, Arctic Silver, Deep Navy; Configuration: Standard or Deluxe; Pack: Single. Price: $43.49 USD for the listed configuration; variant pricing may differ by size, capacity, bundle, or finish."
159,Toys & Games,Essential Classic Wooden Chess Set,"The Essential Classic Wooden Chess Set is a chess set designed for beginners, travel, family games. It features folding wooden board, weighted pieces, felted bases, storage compartments. This essential version emphasizes balanced everyday performance and reliable construction, making it suitable for shoppers who want a practical product that is easy to use, maintain, and integrate into everyday routines. Available variants — Colors: Black, Navy, Silver; Configuration: Standard or Value; Pack: Single. Price: $29.99 USD for the listed configuration; variant pricing may differ by size, capacity, bundle, or finish."
160,Toys & Games,Premium Classic Wooden Chess Set,"The Premium Classic Wooden Chess Set is a chess set designed for beginners, travel, family games. It features folding wooden board, weighted pieces, felted bases, storage compartments. This premium version emphasizes upgraded materials and added convenience for frequent use, making it suitable for shoppers who want a practical product that is easy to use, maintain, and integrate into everyday routines. Available variants — Colors: Midnight Black, Arctic Silver, Deep Navy; Configuration: Standard or Deluxe; Pack: Single. Price: $40.49 USD for the listed configuration; variant pricing may differ by size, capacity, bundle, or finish."
161,Automotive,Essential Portable Tire Inflator,"The Essential Portable Tire Inflator is a air compressor designed for cars, bicycles, roadside emergencies. It features digital pressure display, auto-stop function, 12V power, LED light. This essential version emphasizes balanced everyday performance and reliable construction, making it suitable for shoppers who want a practical product that is easy to use, maintain, and integrate into everyday routines. Available variants — Pressure range: up to 100 PSI or 150 PSI; Power: 12V or Rechargeable; Kit: Standard or Emergency. Price: $42.99 USD for the listed configuration; variant pricing may differ by size, capacity, bundle, or finish."
162,Automotive,Premium Portable Tire Inflator,"The Premium Portable Tire Inflator is a air compressor designed for cars, bicycles, roadside emergencies. It features digital pressure display, auto-stop function, 12V power, LED light. This premium version emphasizes upgraded materials and added convenience for frequent use, making it suitable for shoppers who want a practical product that is easy to use, maintain, and integrate into everyday routines. Available variants — Pressure range: up to 100 PSI or 150 PSI; Power: 12V or Rechargeable; Kit: Standard or Emergency. Price: $63.24 USD for the listed configuration; variant pricing may differ by size, capacity, bundle, or finish."
163,Automotive,Essential Dash Camera,"The Essential Dash Camera is a car camera designed for daily driving, road trips, incident recording. It features 2K recording, wide-angle lens, loop recording, parking monitor. This essential version emphasizes balanced everyday performance and reliable construction, making it suitable for shoppers who want a practical product that is easy to use, maintain, and integrate into everyday routines. Available variants — Resolution: 1080p, 2K, 4K; Channels: Front or Front + Rear; Storage: 64 GB or 128 GB card bundle. Price: $57.99 USD for the listed configuration; variant pricing may differ by size, capacity, bundle, or finish."
164,Automotive,Premium Dash Camera,"The Premium Dash Camera is a car camera designed for daily driving, road trips, incident recording. It features 2K recording, wide-angle lens, loop recording, parking monitor. This premium version emphasizes upgraded materials and added convenience for frequent use, making it suitable for shoppers who want a practical product that is easy to use, maintain, and integrate into everyday routines. Available variants — Resolution: 1080p, 2K, 4K; Channels: Front or Front + Rear; Storage: 64 GB or 128 GB card bundle. Price: $89.99 USD for the listed configuration; variant pricing may differ by size, capacity, bundle, or finish."
165,Automotive,Essential Car Phone Mount,"The Essential Car Phone Mount is a dashboard mount designed for navigation, commuting, rideshare driving. It features strong suction base, 360-degree rotation, one-hand clamp. This essential version emphasizes balanced everyday performance and reliable construction, making it suitable for shoppers who want a practical product that is easy to use, maintain, and integrate into everyday routines. Available variants — Mount: Dashboard, Vent, Windshield; Colors: Black or Silver; Grip: Clamp or Magnetic. Price: $20.99 USD for the listed configuration; variant pricing may differ by size, capacity, bundle, or finish."
166,Automotive,Premium Car Phone Mount,"The Premium Car Phone Mount is a dashboard mount designed for navigation, commuting, rideshare driving. It features strong suction base, 360-degree rotation, one-hand clamp. This premium version emphasizes upgraded materials and added convenience for frequent use, making it suitable for shoppers who want a practical product that is easy to use, maintain, and integrate into everyday routines. Available variants — Mount: Dashboard, Vent, Windshield; Colors: Black or Silver; Grip: Clamp or Magnetic. Price: $25.99 USD for the listed configuration; variant pricing may differ by size, capacity, bundle, or finish."
167,Automotive,Essential Microfiber Car Cleaning Kit,"The Essential Microfiber Car Cleaning Kit is a detailing kit designed for car washing, detailing, interior cleaning. It features wash mitt, drying towels, interior cloths, wheel brush. This essential version emphasizes balanced everyday performance and reliable construction, making it suitable for shoppers who want a practical product that is easy to use, maintain, and integrate into everyday routines. Available variants — Kit sizes: 8-piece, 16-piece, 24-piece; Cloth colors: Assorted; Bag: Standard or Zippered. Price: $25.99 USD for the listed configuration; variant pricing may differ by size, capacity, bundle, or finish."
168,Automotive,Premium Microfiber Car Cleaning Kit,"The Premium Microfiber Car Cleaning Kit is a detailing kit designed for car washing, detailing, interior cleaning. It features wash mitt, drying towels, interior cloths, wheel brush. This premium version emphasizes upgraded materials and added convenience for frequent use, making it suitable for shoppers who want a practical product that is easy to use, maintain, and integrate into everyday routines. Available variants — Kit sizes: 8-piece, 16-piece, 24-piece; Cloth colors: Assorted; Bag: Standard or Zippered. Price: $39.24 USD for the listed configuration; variant pricing may differ by size, capacity, bundle, or finish."
169,Automotive,Essential Bluetooth FM Transmitter,"The Essential Bluetooth FM Transmitter is a car audio adapter designed for older cars, music streaming, hands-free calls. It features Bluetooth calling, USB charging, FM playback, voltage display. This essential version emphasizes balanced everyday performance and reliable construction, making it suitable for shoppers who want a practical product that is easy to use, maintain, and integrate into everyday routines. Available variants — Colors: Black, Navy, Silver; Configuration: Standard or Value; Pack: Single. Price: $27.99 USD for the listed configuration; variant pricing may differ by size, capacity, bundle, or finish."
170,Automotive,Premium Bluetooth FM Transmitter,"The Premium Bluetooth FM Transmitter is a car audio adapter designed for older cars, music streaming, hands-free calls. It features Bluetooth calling, USB charging, FM playback, voltage display. This premium version emphasizes upgraded materials and added convenience for frequent use, making it suitable for shoppers who want a practical product that is easy to use, maintain, and integrate into everyday routines. Available variants — Colors: Midnight Black, Arctic Silver, Deep Navy; Configuration: Standard or Deluxe; Pack: Single. Price: $42.49 USD for the listed configuration; variant pricing may differ by size, capacity, bundle, or finish."
171,Automotive,Essential Trunk Organizer,"The Essential Trunk Organizer is a car organizer designed for groceries, tools, road-trip gear. It features three compartments, removable dividers, non-slip base, collapsible design. This essential version emphasizes balanced everyday performance and reliable construction, making it suitable for shoppers who want a practical product that is easy to use, maintain, and integrate into everyday routines. Available variants — Sizes: Medium or Large; Colors: Black or Gray; Sections: 2 or 3 compartments. Price: $27.99 USD for the listed configuration; variant pricing may differ by size, capacity, bundle, or finish."
172,Automotive,Premium Trunk Organizer,"The Premium Trunk Organizer is a car organizer designed for groceries, tools, road-trip gear. It features three compartments, removable dividers, non-slip base, collapsible design. This premium version emphasizes upgraded materials and added convenience for frequent use, making it suitable for shoppers who want a practical product that is easy to use, maintain, and integrate into everyday routines. Available variants — Sizes: Medium or Large; Colors: Black or Gray; Sections: 2 or 3 compartments. Price: $40.49 USD for the listed configuration; variant pricing may differ by size, capacity, bundle, or finish."
173,Automotive,Essential Windshield Sun Shade,"The Essential Windshield Sun Shade is a car sunshade designed for summer parking, cabin heat reduction, UV protection. It features reflective insulation, foldable design, universal windshield fit. This essential version emphasizes balanced everyday performance and reliable construction, making it suitable for shoppers who want a practical product that is easy to use, maintain, and integrate into everyday routines. Available variants — Sizes: S, M, L, XL; Style: Foldable or Umbrella; Color: Silver/Black. Price: $17.99 USD for the listed configuration; variant pricing may differ by size, capacity, bundle, or finish."
174,Automotive,Premium Windshield Sun Shade,"The Premium Windshield Sun Shade is a car sunshade designed for summer parking, cabin heat reduction, UV protection. It features reflective insulation, foldable design, universal windshield fit. This premium version emphasizes upgraded materials and added convenience for frequent use, making it suitable for shoppers who want a practical product that is easy to use, maintain, and integrate into everyday routines. Available variants — Sizes: S, M, L, XL; Style: Foldable or Umbrella; Color: Silver/Black. Price: $26.09 USD for the listed configuration; variant pricing may differ by size, capacity, bundle, or finish."
175,Automotive,Essential OBD2 Code Reader,"The Essential OBD2 Code Reader is a diagnostic scanner designed for vehicle diagnostics, maintenance, DIY repairs. It features engine code reading, code clearing, live data, color display. This essential version emphasizes balanced everyday performance and reliable construction, making it suitable for shoppers who want a practical product that is easy to use, maintain, and integrate into everyday routines. Available variants — Colors: Black, Navy, Silver; Configuration: Standard or Value; Pack: Single. Price: $26.99 USD for the listed configuration; variant pricing may differ by size, capacity, bundle, or finish."
176,Automotive,Premium OBD2 Code Reader,"The Premium OBD2 Code Reader is a diagnostic scanner designed for vehicle diagnostics, maintenance, DIY repairs. It features engine code reading, code clearing, live data, color display. This premium version emphasizes upgraded materials and added convenience for frequent use, making it suitable for shoppers who want a practical product that is easy to use, maintain, and integrate into everyday routines. Available variants — Colors: Midnight Black, Arctic Silver, Deep Navy; Configuration: Standard or Deluxe; Pack: Single. Price: $46.49 USD for the listed configuration; variant pricing may differ by size, capacity, bundle, or finish."
177,Automotive,Essential Car Seat Gap Organizer,"The Essential Car Seat Gap Organizer is a seat organizer designed for phones, keys, small-item storage. It features dual storage slots, cup holder, faux leather finish. This essential version emphasizes balanced everyday performance and reliable construction, making it suitable for shoppers who want a practical product that is easy to use, maintain, and integrate into everyday routines. Available variants — Colors: Black, Navy, Silver; Configuration: Standard or Value; Pack: Single. Price: $30.99 USD for the listed configuration; variant pricing may differ by size, capacity, bundle, or finish."
178,Automotive,Premium Car Seat Gap Organizer,"The Premium Car Seat Gap Organizer is a seat organizer designed for phones, keys, small-item storage. It features dual storage slots, cup holder, faux leather finish. This premium version emphasizes upgraded materials and added convenience for frequent use, making it suitable for shoppers who want a practical product that is easy to use, maintain, and integrate into everyday routines. Available variants — Colors: Midnight Black, Arctic Silver, Deep Navy; Configuration: Standard or Deluxe; Pack: Single. Price: $41.49 USD for the listed configuration; variant pricing may differ by size, capacity, bundle, or finish."
179,Automotive,Essential Emergency Roadside Kit,"The Essential Emergency Roadside Kit is a vehicle safety kit designed for road trips, breakdowns, vehicle preparedness. It features jumper cables, reflective triangle, flashlight, first-aid essentials. This essential version emphasizes balanced everyday performance and reliable construction, making it suitable for shoppers who want a practical product that is easy to use, maintain, and integrate into everyday routines. Available variants — Colors: Black, Navy, Silver; Configuration: Standard or Value; Pack: Single. Price: $27.99 USD for the listed configuration; variant pricing may differ by size, capacity, bundle, or finish."
180,Automotive,Premium Emergency Roadside Kit,"The Premium Emergency Roadside Kit is a vehicle safety kit designed for road trips, breakdowns, vehicle preparedness. It features jumper cables, reflective triangle, flashlight, first-aid essentials. This premium version emphasizes upgraded materials and added convenience for frequent use, making it suitable for shoppers who want a practical product that is easy to use, maintain, and integrate into everyday routines. Available variants — Colors: Midnight Black, Arctic Silver, Deep Navy; Configuration: Standard or Deluxe; Pack: Single. Price: $44.49 USD for the listed configuration; variant pricing may differ by size, capacity, bundle, or finish."
181,Baby & Kids,Essential Convertible Baby High Chair,"The Essential Convertible Baby High Chair is a high chair designed for feeding, toddlers, family meals. It features adjustable height, removable tray, five-point harness, wipe-clean seat. This essential version emphasizes balanced everyday performance and reliable construction, making it suitable for shoppers who want a practical product that is easy to use, maintain, and integrate into everyday routines. Available variants — Colors: White, Gray, Natural; Modes: High Chair or 3-in-1 Convertible; Tray: Standard or Dishwasher-Safe. Price: $89.99 USD for the listed configuration; variant pricing may differ by size, capacity, bundle, or finish."
182,Baby & Kids,Premium Convertible Baby High Chair,"The Premium Convertible Baby High Chair is a high chair designed for feeding, toddlers, family meals. It features adjustable height, removable tray, five-point harness, wipe-clean seat. This premium version emphasizes upgraded materials and added convenience for frequent use, making it suitable for shoppers who want a practical product that is easy to use, maintain, and integrate into everyday routines. Available variants — Colors: White, Gray, Natural; Modes: High Chair or 3-in-1 Convertible; Tray: Standard or Dishwasher-Safe. Price: $131.49 USD for the listed configuration; variant pricing may differ by size, capacity, bundle, or finish."
183,Baby & Kids,Essential Muslin Swaddle Blanket Set,"The Essential Muslin Swaddle Blanket Set is a baby blankets designed for swaddling, stroller cover, nursing. It features four breathable cotton muslin blankets, soft finish, generous size. This essential version emphasizes balanced everyday performance and reliable construction, making it suitable for shoppers who want a practical product that is easy to use, maintain, and integrate into everyday routines. Available variants — Sets: 2-pack, 4-pack, 6-pack; Patterns: Neutral, Floral, Animals; Size: 47x47 in. Price: $24.99 USD for the listed configuration; variant pricing may differ by size, capacity, bundle, or finish."
184,Baby & Kids,Premium Muslin Swaddle Blanket Set,"The Premium Muslin Swaddle Blanket Set is a baby blankets designed for swaddling, stroller cover, nursing. It features four breathable cotton muslin blankets, soft finish, generous size. This premium version emphasizes upgraded materials and added convenience for frequent use, making it suitable for shoppers who want a practical product that is easy to use, maintain, and integrate into everyday routines. Available variants — Sets: 2-pack, 4-pack, 6-pack; Patterns: Neutral, Floral, Animals; Size: 47x47 in. Price: $33.24 USD for the listed configuration; variant pricing may differ by size, capacity, bundle, or finish."
185,Baby & Kids,Essential Digital Baby Monitor,"The Essential Digital Baby Monitor is a baby monitor designed for nurseries, naps, overnight monitoring. It features 5-inch display, infrared night vision, two-way audio, temperature sensor. This essential version emphasizes balanced everyday performance and reliable construction, making it suitable for shoppers who want a practical product that is easy to use, maintain, and integrate into everyday routines. Available variants — Screen: 4.3 in or 5 in; Cameras: 1 or 2; Mount: Tabletop or Wall. Price: $68.99 USD for the listed configuration; variant pricing may differ by size, capacity, bundle, or finish."
186,Baby & Kids,Premium Digital Baby Monitor,"The Premium Digital Baby Monitor is a baby monitor designed for nurseries, naps, overnight monitoring. It features 5-inch display, infrared night vision, two-way audio, temperature sensor. This premium version emphasizes upgraded materials and added convenience for frequent use, making it suitable for shoppers who want a practical product that is easy to use, maintain, and integrate into everyday routines. Available variants — Screen: 4.3 in or 5 in; Cameras: 1 or 2; Mount: Tabletop or Wall. Price: $100.49 USD for the listed configuration; variant pricing may differ by size, capacity, bundle, or finish."
187,Baby & Kids,Essential Silicone Baby Feeding Set,"The Essential Silicone Baby Feeding Set is a feeding set designed for baby-led weaning, toddlers, easy cleanup. It features suction bowl, divided plate, bib, soft-tip spoon. This essential version emphasizes balanced everyday performance and reliable construction, making it suitable for shoppers who want a practical product that is easy to use, maintain, and integrate into everyday routines. Available variants — Colors: Sage, Dusty Rose, Blue; Pieces: 4-piece or 7-piece; Material: Food-grade silicone. Price: $25.99 USD for the listed configuration; variant pricing may differ by size, capacity, bundle, or finish."
188,Baby & Kids,Premium Silicone Baby Feeding Set,"The Premium Silicone Baby Feeding Set is a feeding set designed for baby-led weaning, toddlers, easy cleanup. It features suction bowl, divided plate, bib, soft-tip spoon. This premium version emphasizes upgraded materials and added convenience for frequent use, making it suitable for shoppers who want a practical product that is easy to use, maintain, and integrate into everyday routines. Available variants — Colors: Sage, Dusty Rose, Blue; Pieces: 4-piece or 7-piece; Material: Food-grade silicone. Price: $35.34 USD for the listed configuration; variant pricing may differ by size, capacity, bundle, or finish."
189,Baby & Kids,Essential Foldable Play Mat,"The Essential Foldable Play Mat is a baby play mat designed for tummy time, playrooms, crawling. It features thick foam padding, waterproof surface, reversible design, foldable panels. This essential version emphasizes balanced everyday performance and reliable construction, making it suitable for shoppers who want a practical product that is easy to use, maintain, and integrate into everyday routines. Available variants — Sizes: 4x6 ft or 5x7 ft; Patterns: Neutral or Colorful; Thickness: 0.4 or 0.6 in. Price: $38.99 USD for the listed configuration; variant pricing may differ by size, capacity, bundle, or finish."
190,Baby & Kids,Premium Foldable Play Mat,"The Premium Foldable Play Mat is a baby play mat designed for tummy time, playrooms, crawling. It features thick foam padding, waterproof surface, reversible design, foldable panels. This premium version emphasizes upgraded materials and added convenience for frequent use, making it suitable for shoppers who want a practical product that is easy to use, maintain, and integrate into everyday routines. Available variants — Sizes: 4x6 ft or 5x7 ft; Patterns: Neutral or Colorful; Thickness: 0.4 or 0.6 in. Price: $56.99 USD for the listed configuration; variant pricing may differ by size, capacity, bundle, or finish."
191,Baby & Kids,Essential Toddler Step Stool,"The Essential Toddler Step Stool is a step stool designed for bathroom routines, kitchen help, potty training. It features non-slip feet, wide platform, lightweight body, carry handle. This essential version emphasizes balanced everyday performance and reliable construction, making it suitable for shoppers who want a practical product that is easy to use, maintain, and integrate into everyday routines. Available variants — Colors: Black, Navy, Silver; Configuration: Standard or Value; Pack: Single. Price: $29.99 USD for the listed configuration; variant pricing may differ by size, capacity, bundle, or finish."
192,Baby & Kids,Premium Toddler Step Stool,"The Premium Toddler Step Stool is a step stool designed for bathroom routines, kitchen help, potty training. It features non-slip feet, wide platform, lightweight body, carry handle. This premium version emphasizes upgraded materials and added convenience for frequent use, making it suitable for shoppers who want a practical product that is easy to use, maintain, and integrate into everyday routines. Available variants — Colors: Midnight Black, Arctic Silver, Deep Navy; Configuration: Standard or Deluxe; Pack: Single. Price: $42.49 USD for the listed configuration; variant pricing may differ by size, capacity, bundle, or finish."
193,Baby & Kids,Essential Bottle Warmer,"The Essential Bottle Warmer is a baby bottle warmer designed for night feeds, formula, breast milk. It features multiple warming modes, defrost setting, auto shutoff, compact body. This essential version emphasizes balanced everyday performance and reliable construction, making it suitable for shoppers who want a practical product that is easy to use, maintain, and integrate into everyday routines. Available variants — Colors: Black, Navy, Silver; Configuration: Standard or Value; Pack: Single. Price: $30.99 USD for the listed configuration; variant pricing may differ by size, capacity, bundle, or finish."
194,Baby & Kids,Premium Bottle Warmer,"The Premium Bottle Warmer is a baby bottle warmer designed for night feeds, formula, breast milk. It features multiple warming modes, defrost setting, auto shutoff, compact body. This premium version emphasizes upgraded materials and added convenience for frequent use, making it suitable for shoppers who want a practical product that is easy to use, maintain, and integrate into everyday routines. Available variants — Colors: Midnight Black, Arctic Silver, Deep Navy; Configuration: Standard or Deluxe; Pack: Single. Price: $43.49 USD for the listed configuration; variant pricing may differ by size, capacity, bundle, or finish."
195,Baby & Kids,Essential Diaper Backpack,"The Essential Diaper Backpack is a diaper bag designed for parents, travel, daily outings. It features insulated bottle pockets, changing pad, stroller straps, wide-opening main compartment. This essential version emphasizes balanced everyday performance and reliable construction, making it suitable for shoppers who want a practical product that is easy to use, maintain, and integrate into everyday routines. Available variants — Colors: Black, Navy, Silver; Configuration: Standard or Value; Pack: Single. Price: $41.99 USD for the listed configuration; variant pricing may differ by size, capacity, bundle, or finish."
196,Baby & Kids,Premium Diaper Backpack,"The Premium Diaper Backpack is a diaper bag designed for parents, travel, daily outings. It features insulated bottle pockets, changing pad, stroller straps, wide-opening main compartment. This premium version emphasizes upgraded materials and added convenience for frequent use, making it suitable for shoppers who want a practical product that is easy to use, maintain, and integrate into everyday routines. Available variants — Colors: Midnight Black, Arctic Silver, Deep Navy; Configuration: Standard or Deluxe; Pack: Single. Price: $60.99 USD for the listed configuration; variant pricing may differ by size, capacity, bundle, or finish."
197,Baby & Kids,Essential Baby Bath Support Seat,"The Essential Baby Bath Support Seat is a bath support designed for newborn baths, infant support, small tubs. It features soft-touch mesh, anti-slip base, quick-dry material. This essential version emphasizes balanced everyday performance and reliable construction, making it suitable for shoppers who want a practical product that is easy to use, maintain, and integrate into everyday routines. Available variants — Colors: White, Blue, Pink; Size: Newborn or Toddler; Insert: Standard or Padded. Price: $27.99 USD for the listed configuration; variant pricing may differ by size, capacity, bundle, or finish."
198,Baby & Kids,Premium Baby Bath Support Seat,"The Premium Baby Bath Support Seat is a bath support designed for newborn baths, infant support, small tubs. It features soft-touch mesh, anti-slip base, quick-dry material. This premium version emphasizes upgraded materials and added convenience for frequent use, making it suitable for shoppers who want a practical product that is easy to use, maintain, and integrate into everyday routines. Available variants — Colors: White, Blue, Pink; Size: Newborn or Toddler; Insert: Standard or Padded. Price: $35.24 USD for the listed configuration; variant pricing may differ by size, capacity, bundle, or finish."
199,Baby & Kids,Essential Wooden Balance Bike,"The Essential Wooden Balance Bike is a toddler bike designed for balance training, outdoor play, ages 2-5. It features lightweight frame, adjustable seat, puncture-free tires. This essential version emphasizes balanced everyday performance and reliable construction, making it suitable for shoppers who want a practical product that is easy to use, maintain, and integrate into everyday routines. Available variants — Colors: Black, Navy, Silver; Configuration: Standard or Value; Pack: Single. Price: $31.99 USD for the listed configuration; variant pricing may differ by size, capacity, bundle, or finish."
200,Baby & Kids,Premium Wooden Balance Bike,"The Premium Wooden Balance Bike is a toddler bike designed for balance training, outdoor play, ages 2-5. It features lightweight frame, adjustable seat, puncture-free tires. This premium version emphasizes upgraded materials and added convenience for frequent use, making it suitable for shoppers who want a practical product that is easy to use, maintain, and integrate into everyday routines. Available variants — Colors: Midnight Black, Arctic Silver, Deep Navy; Configuration: Standard or Deluxe; Pack: Single. Price: $43.49 USD for the listed configuration; variant pricing may differ by size, capacity, bundle, or finish."
